hostname;PORT;NAME;STATUS;VLAN;DUPLEX;SPEED;TYPE;
AQUICFDZEUSR1-01;mgmt0;--;connected;routed;full;a-1000;--;
AQUICFDZEUSR1-01;Eth1/1;<>To_ORI-A1_Te2;connected;trunk;full;a-10G;10Gbase-SR;
AQUICFDZEUSR1-01;Eth1/2;<*> AQUICFDZEUS disabled;trunk;auto;auto;;10Gbase-SR;
AQUICFDZEUSR1-01;Eth1/3;<*> AQUICFDZEUS disabled;trunk;auto;auto;;10Gbase-SR;
AQUICFDZEUSR1-01;Eth1/4           <*>;AQUICLSZEUS;connected;trunk;full;10G;10Gbase-SR;
AQUICFDZEUSR1-01;Eth1/5           <*>;AQUICLSZEUS;connected;trunk;full;10G;10Gbase-SR;
AQUICFDZEUSR1-01;Eth1/6           <*>;AQUICLSZEUS;connected;trunk;full;10G;10Gbase-SR;
AQUICFDZEUSR1-01;Eth1/7           <*>;AQUICLSZEUS;connected;trunk;full;10G;10Gbase-SR;
AQUICFDZEUSR1-01;Eth1/8           <>;To_AQUIZEUSR;connected;trunk;full;a-10G;10Gbase-SR;
AQUICFDZEUSR1-01;Eth1/9           <>;To_AQUIZEUSR;connected;trunk;full;a-10G;10Gbase-SR;
AQUICFDZEUSR1-01;Eth1/10          SIGMA_IDS;_AQUI;connected;1;full;a-10G;10Gbase-SR;
AQUICFDZEUSR1-01;Eth1/11          SIGMA_IDS;_AQUI;connected;1;full;a-10G;10Gbase-SR;
AQUICFDZEUSR1-01;Eth1/12          SIGMA_IDS;_AQUI;connected;1;full;a-10G;10Gbase-SR;
AQUICFDZEUSR1-01;Eth1/13          <*>;AQUIR1-MKTP;connected;trunk;full;a-10G;10Gbase-SR;
AQUICFDZEUSR1-01;Eth1/14          <*>;AQUIR1-MKTP;connected;trunk;full;a-10G;10Gbase-SR;
AQUICFDZEUSR1-01;Eth1/15;--;sfpAbsent;routed;auto;auto;--;
AQUICFDZEUSR1-01;Eth1/16;--;sfpAbsent;routed;auto;auto;--;
AQUICFDZEUSR1-01;Eth1/17;<*> AQUICFDZEUS disabled;trunk;auto;auto;;10Gbase-SR;
AQUICFDZEUSR1-01;Eth1/18;<*> AQUICFDZEUS disabled;trunk;auto;auto;;10Gbase-SR;
AQUICFDZEUSR1-01;Eth1/19;--;sfpAbsent;routed;auto;auto;--;
AQUICFDZEUSR1-01;Eth1/20;--;sfpAbsent;routed;auto;auto;--;
AQUICFDZEUSR1-01;Eth1/21;--;sfpAbsent;routed;auto;auto;--;
AQUICFDZEUSR1-01;Eth1/22;--;disabled;routed;auto;auto;10Gbase-SR;
AQUICFDZEUSR1-01;Eth1/23;--;disabled;routed;auto;auto;10Gbase-SR;
AQUICFDZEUSR1-01;Eth1/24;--;disabled;routed;auto;auto;1000base-SX;
AQUICFDZEUSR1-01;Eth1/25;--;sfpAbsent;routed;auto;auto;--;
AQUICFDZEUSR1-01;Eth1/26;--;sfpAbsent;routed;auto;auto;--;
AQUICFDZEUSR1-01;Eth1/27;--;sfpAbsent;routed;auto;auto;--;
AQUICFDZEUSR1-01;Eth1/28;--;sfpAbsent;routed;auto;auto;--;
AQUICFDZEUSR1-01;Eth1/29;--;sfpAbsent;routed;auto;auto;--;
AQUICFDZEUSR1-01;Eth1/30;--;sfpAbsent;routed;auto;auto;--;
AQUICFDZEUSR1-01;Eth1/31;--;sfpAbsent;routed;auto;auto;--;
AQUICFDZEUSR1-01;Eth1/32;--;sfpAbsent;routed;auto;auto;--;
AQUICFDZEUSR1-01;Eth1/33;--;sfpAbsent;routed;auto;auto;--;
AQUICFDZEUSR1-01;Eth1/34;--;sfpAbsent;routed;auto;auto;--;
AQUICFDZEUSR1-01;Eth1/35;--;sfpAbsent;routed;auto;auto;--;
AQUICFDZEUSR1-01;Eth1/36;--;sfpAbsent;routed;auto;auto;--;
AQUICFDZEUSR1-01;Eth1/37;--;sfpAbsent;routed;auto;auto;--;
AQUICFDZEUSR1-01;Eth1/38;--;sfpAbsent;routed;auto;auto;--;
AQUICFDZEUSR1-01;Eth1/39;--;sfpAbsent;routed;auto;auto;--;
AQUICFDZEUSR1-01;Eth1/40;--;sfpAbsent;routed;auto;auto;--;
AQUICFDZEUSR1-01;Eth1/41;--;sfpAbsent;routed;auto;auto;--;
AQUICFDZEUSR1-01;Eth1/42;--;sfpAbsent;routed;auto;auto;--;
AQUICFDZEUSR1-01;Eth1/43;--;sfpAbsent;routed;auto;auto;--;
AQUICFDZEUSR1-01;Eth1/44;--;sfpAbsent;routed;auto;auto;--;
AQUICFDZEUSR1-01;Eth1/45;--;sfpAbsent;routed;auto;auto;--;
AQUICFDZEUSR1-01;Eth1/46;--;sfpAbsent;routed;auto;auto;--;
AQUICFDZEUSR1-01;Eth1/47;--;sfpAbsent;routed;auto;auto;--;
AQUICFDZEUSR1-01;Eth1/48;--;disabled;routed;auto;auto;10Gbase-SR;
AQUICFDZEUSR1-01;Eth2/1           <*>;AQUICFDZEUS;connected;trunk;full;40G;QSFP+ BiDi;
AQUICFDZEUSR1-01;Eth2/2;RESERVED_FUTUR_;disabled;routed;auto;auto;QSFP+ BiDi;
AQUICFDZEUSR1-01;Eth2/3;RESERVED;xcvrAbsen;routed;auto;auto;--;
AQUICFDZEUSR1-01;Eth2/4;RESERVED;xcvrAbsen;routed;auto;auto;--;
AQUICFDZEUSR1-01;Eth2/5           <*>;AQUICLSZEUS;connected;trunk;full;40G;QSFP+ BiDi;
AQUICFDZEUSR1-01;Eth2/6           <*>;AQUICLSZEUS;connected;trunk;full;40G;QSFP+ BiDi;
AQUICFDZEUSR1-01;Eth5/1           <*>;AQUICFDZEUS;connected;trunk;full;40G;QSFP+ BiDi;
AQUICFDZEUSR1-01;Eth5/2;RESERVED_FUTUR_;xcvrAbsen;routed;auto;auto;--;
AQUICFDZEUSR1-01;Eth5/3;--;xcvrAbsen;routed;auto;auto;--;
AQUICFDZEUSR1-01;Eth5/4;--;xcvrAbsen;routed;auto;auto;--;
AQUICFDZEUSR1-01;Eth5/5;--;xcvrAbsen;routed;auto;auto;--;
AQUICFDZEUSR1-01;Eth5/6;--;xcvrAbsen;routed;auto;auto;--;
AQUICFDZEUSR1-01;Po10;<*> AQUICFDZEUS disabled;trunk;auto;auto;;--;
AQUICFDZEUSR1-01;Po11             <*>;AQUICFDZEUS;connected;trunk;full;40G;--;
AQUICFDZEUSR1-01;Po54             <*>;AQUICLSZEUS;connected;trunk;full;40G;--;
AQUICFDZEUSR1-01;Po55;--;noOperMem;routed;auto;auto;--;
AQUICFDZEUSR1-01;Po64             <*>;AQUIR1-MKTP;connected;trunk;full;a-10G;--;
AQUICFDZEUSR1-01;Po80             SIGMA_IDS;_AQUI;connected;1;full;a-10G;--;
AQUICFDZEUSR1-01;Po81;--;noOperMem;routed;auto;auto;--;
AQUICFDZEUSR1-01;Po4090           <*>;AQUICLSZEUS;connected;trunk;full;10G;--;
AQUICFDZEUSR1-01;Po4091;--;noOperMem;routed;auto;auto;--;
AQUICFDZEUSR1-01;Po4094           <*>;AQUICLSZEUS;connected;trunk;full;10G;--;
AQUICFDZEUSR1-01;Po4095;--;noOperMem;routed;auto;auto;--;
AQUICFDZEUSR1-01;Lo37;--;connected;routed;auto;auto;--;
AQUICFDZEUSR1-01;Lo42;--;connected;routed;auto;auto;--;
AQUICFDZEUSR1-01;Lo53;--;connected;routed;auto;auto;--;
AQUICFDZEUSR1-01;Lo90;LBK_MULTICAST_R;connected;routed;auto;auto;--;
AQUICFDZEUSR1-01;Vlan1;--;down;routed;auto;auto;--;
AQUICFDZEUSR1-01;Vlan10;--;connected;routed;auto;auto;--;
AQUICFDZEUSR1-01;Vlan11;--;connected;routed;auto;auto;--;
AQUICFDZEUSR1-01;Vlan12;--;connected;routed;auto;auto;--;
AQUICFDZEUSR1-01;Vlan15;--;connected;routed;auto;auto;--;
AQUICFDZEUSR1-01;Vlan16;--;connected;routed;auto;auto;--;
AQUICFDZEUSR1-01;Vlan17;--;connected;routed;auto;auto;--;
AQUICFDZEUSR1-01;Vlan18;--;connected;routed;auto;auto;--;
AQUICFDZEUSR1-01;Vlan19;--;connected;routed;auto;auto;--;
AQUICFDZEUSR1-01;Vlan20;ADMIN_NAS;connected;routed;auto;auto;--;
AQUICFDZEUSR1-01;Vlan22;PZEUS_NonRouted_An;down;routed;auto;auto;--;
AQUICFDZEUSR1-01;Vlan23;PZEUS_STD_FO_VARON;connected;routed;auto;auto;--;
AQUICFDZEUSR1-01;Vlan30;HDI_AGILE_MARK_AQU;connected;routed;auto;auto;--;
AQUICFDZEUSR1-01;Vlan995;Int_Admin_NOOBA_IB;connected;routed;auto;auto;--;
AQUICFDZEUSR1-01;Vlan2501;PRVSHAREDSERVICES_;connected;routed;auto;auto;--;
AQUICFDZEUSR1-01;Vlan2503;PRVSHAREDSERVICES_;connected;routed;auto;auto;--;
AQUICFDZEUSR1-01;Vlan3001;OUTSOURCING_SERVIC;connected;routed;auto;auto;--;
AQUICFDZEUSR1-01;Vlan3002;OUTSOURCING_SERVIC;connected;routed;auto;auto;--;
AQUICFDZEUSR1-01;Vlan3003;OUTSOURCING_SERVIC;connected;routed;auto;auto;--;
AQUICFDZEUSR1-01;Vlan3004;OUTSOURCING_SERVIC;connected;routed;auto;auto;--;
AQUICFDZEUSR1-01;Vlan3005;OUTSOURCING_SERVIC;connected;routed;auto;auto;--;
AQUICFDZEUSR1-01;Vlan3006;OUTSOURCING_SERVIC;connected;routed;auto;auto;--;
AQUICFDZEUSR1-01;Vlan3007;OUTSOURCING_SERVIC;connected;routed;auto;auto;--;
AQUICFDZEUSR1-01;Vlan3008;OUTSOURCING_SERVIC;connected;routed;auto;auto;--;
AQUICFDZEUSR1-01;Vlan3009;OUTSOURCING_SERVIC;connected;routed;auto;auto;--;
AQUICFDZEUSR1-01;Vlan3010;OUTSOURCING_SERVIC;connected;routed;auto;auto;--;
AQUICFDZEUSR1-01;Vlan3011;OUTSOURCING_SERVIC;connected;routed;auto;auto;--;
AQUICFDZEUSR1-01;Vlan3012;OUTSOURCING_SERVIC;connected;routed;auto;auto;--;
AQUICFDZEUSR1-01;Vlan3013;OUTSOURCING_PROVID;connected;routed;auto;auto;--;
AQUICFDZEUSR1-01;Vlan3014;OUTSOURCING_GIMS-S;connected;routed;auto;auto;--;
AQUICFDZEUSR1-01;Vlan3015;OUTSOURCING_GIMS-S;connected;routed;auto;auto;--;
AQUICFDZEUSR1-01;Vlan3016;OUTSOURCING_PROVID;connected;routed;auto;auto;--;
AQUICFDZEUSR1-01;Vlan3017;OUTSOURCING_PROVID;connected;routed;auto;auto;--;
AQUICFDZEUSR1-01;Vlan3018;OUTSOURCING_PROVID;connected;routed;auto;auto;--;
AQUICFDZEUSR1-01;Vlan3019;OUTSOURCING_PROVID;connected;routed;auto;auto;--;
AQUICFDZEUSR1-01;Vlan3020;OUTSOURCING_PROVID;connected;routed;auto;auto;--;
AQUICFDZEUSR1-01;Vlan3021;OUTSOURCING_PROVID;connected;routed;auto;auto;--;
AQUICFDZEUSR1-01;Vlan3022;OUTSOURCING_PROVID;connected;routed;auto;auto;--;
AQUICFDZEUSR1-01;Vlan3023;OUTSOURCING_PROVID;connected;routed;auto;auto;--;
AQUICFDZEUSR1-01;Vlan3024;OUTSOURCING_PROVID;connected;routed;auto;auto;--;
AQUICFDZEUSR1-01;Vlan3025;OUTSOURCING_PROVID;connected;routed;auto;auto;--;
AQUICFDZEUSR1-01;Vlan3026;OUTSOURCING_PROVID;connected;routed;auto;auto;--;
AQUICFDZEUSR1-01;Vlan3027;OUTSOURCING_PROVID;connected;routed;auto;auto;--;
AQUICFDZEUSR1-01;Vlan3028;OUTSOURCING_PROVID;connected;routed;auto;auto;--;
AQUICFDZEUSR1-01;Vlan3029;OUTSOURCING_PROVID;connected;routed;auto;auto;--;
AQUICFDZEUSR1-01;Vlan3030;OUTSOURCING_PROVID;connected;routed;auto;auto;--;
AQUICFDZEUSR1-01;Vlan3031;OUTSOURCING_PROVID;connected;routed;auto;auto;--;
AQUICFDZEUSR1-01;Vlan3032;OUTSOURCING_PROVID;connected;routed;auto;auto;--;
AQUICFDZEUSR1-01;Vlan3033;OUTSOURCING_PROVID;connected;routed;auto;auto;--;
AQUICFDZEUSR1-01;Vlan3034;OUTSOURCING_PROVID;connected;routed;auto;auto;--;
AQUICFDZEUSR1-01;Vlan3035;OUTSOURCING_PROVID;connected;routed;auto;auto;--;
AQUICFDZEUSR1-01;Vlan3036;OUTSOURCING_PROVID;connected;routed;auto;auto;--;
AQUICFDZEUSR1-01;Vlan3037;OUTSOURCING_PROVID;connected;routed;auto;auto;--;
AQUICFDZEUSR1-01;Vlan3038;OUTSOURCING_PROVID;connected;routed;auto;auto;--;
AQUICFDZEUSR1-01;Vlan3039;OUTSOURCING_PROVID;connected;routed;auto;auto;--;
AQUICFDZEUSR1-01;Vlan3040;OUTSOURCING_PROVID;connected;routed;auto;auto;--;
AQUICFDZEUSR1-01;Vlan3041;OUTSOURCING_PROVID;connected;routed;auto;auto;--;
AQUICFDZEUSR1-01;Vlan3042;OUTSOURCING_PROVID;connected;routed;auto;auto;--;
AQUICFDZEUSR1-01;Vlan3043;OUTSOURCING_PROVID;connected;routed;auto;auto;--;
AQUICFDZEUSR1-01;Vlan3044;OUTSOURCING_PROVID;connected;routed;auto;auto;--;
AQUICFDZEUSR1-01;Vlan3045;OUTSOURCING_PROVID;connected;routed;auto;auto;--;
AQUICFDZEUSR1-01;Vlan3046;OUTSOURCING_PROVID;connected;routed;auto;auto;--;
AQUICFDZEUSR1-01;Vlan3047;OUTSOURCING_PROVID;connected;routed;auto;auto;--;
AQUICFDZEUSR1-01;Vlan3048;OUTSOURCING_PROVID;connected;routed;auto;auto;--;
AQUICFDZEUSR1-01;Vlan3101;NDG_REBOUND_PROVID;connected;routed;auto;auto;--;
AQUICFDZEUSR1-01;Vlan3102;NDG_REBOUND_PROVID;connected;routed;auto;auto;--;
AQUICFDZEUSR1-01;Vlan3103;NDG_REBOUND_PROVID;connected;routed;auto;auto;--;
AQUICFDZEUSR1-01;Vlan3104;NDG_REBOUND_PROVID;connected;routed;auto;auto;--;
AQUICFDZEUSR1-01;Vlan3105;NDG_REBOUND_PROVID;connected;routed;auto;auto;--;
AQUICFDZEUSR1-01;Vlan3106;NDG_REBOUND_PROVID;connected;routed;auto;auto;--;
AQUICFDZEUSR1-01;Vlan3107;NDG_REBOUND_PROVID;connected;routed;auto;auto;--;
AQUICFDZEUSR1-01;Vlan3108;NDG_REBOUND_PROVID;connected;routed;auto;auto;--;
AQUICFDZEUSR1-01;Vlan3109;NDG_REBOUND_PROVID;connected;routed;auto;auto;--;
AQUICFDZEUSR1-01;Vlan3110;NDG_REBOUND_PROVID;connected;routed;auto;auto;--;
AQUICFDZEUSR1-01;Vlan3111;NDG_REBOUND_PROVID;connected;routed;auto;auto;--;
AQUICFDZEUSR1-01;Vlan3112;NDG_REBOUND_PROVID;connected;routed;auto;auto;--;
AQUICFDZEUSR1-01;Vlan3113;NDG_REBOUND_PROVID;connected;routed;auto;auto;--;
AQUICFDZEUSR1-01;Vlan3114;NDG_REBOUND_PROVID;connected;routed;auto;auto;--;
AQUICFDZEUSR1-01;Vlan3115;NDG_REBOUND_PROVID;connected;routed;auto;auto;--;
AQUICFDZEUSR1-01;Vlan3116;NDG_REBOUND_PROVID;connected;routed;auto;auto;--;
AQUICFDZEUSR1-01;Vlan3117;NDG_REBOUND_PROVID;connected;routed;auto;auto;--;
AQUICFDZEUSR1-01;Vlan3118;NDG_REBOUND_PROVID;connected;routed;auto;auto;--;
AQUICFDZEUSR1-01;Vlan3119;NDG_REBOUND_PROVID;connected;routed;auto;auto;--;
AQUICFDZEUSR1-01;Vlan3120;NDG_REBOUND_PROVID;connected;routed;auto;auto;--;
AQUICFDZEUSR1-01;Vlan3121;NDG_REBOUND_PROVID;connected;routed;auto;auto;--;
AQUICFDZEUSR1-01;Vlan3122;NDG_REBOUND_PROVID;connected;routed;auto;auto;--;
AQUICFDZEUSR1-01;Vlan3123;NDG_REBOUND_PROVID;connected;routed;auto;auto;--;
AQUICFDZEUSR1-01;Vlan3124;NDG_REBOUND_PROVID;connected;routed;auto;auto;--;
AQUICFDZEUSR1-01;Vlan3125;NDG_REBOUND_PROVID;connected;routed;auto;auto;--;
AQUICFDZEUSR1-01;Vlan3126;NDG_REBOUND_PROVID;connected;routed;auto;auto;--;
AQUICFDZEUSR1-01;Vlan3127;NDG_REBOUND_PROVID;connected;routed;auto;auto;--;
AQUICFDZEUSR1-01;Vlan3128;NDG_REBOUND_PROVID;connected;routed;auto;auto;--;
AQUICFDZEUSR1-01;Vlan3129;NDG_REBOUND_PROVID;connected;routed;auto;auto;--;
AQUICFDZEUSR1-01;Vlan3130;NDG_REBOUND_PROVID;connected;routed;auto;auto;--;
AQUICFDZEUSR1-01;Vlan3131;NDG_REBOUND_PROVID;connected;routed;auto;auto;--;
AQUICFDZEUSR1-01;Vlan3132;NDG_REBOUND_PROVID;connected;routed;auto;auto;--;
AQUICFDZEUSR1-01;Vlan3801      <>;To_ORI-A1_Te2/5;connected;routed;auto;auto;--;
AQUICFDZEUSR1-01;Vlan3803      <>;To_AQUIZEUSR1-0;connected;routed;auto;auto;--;
AQUICFDZEUSR1-01;Vlan3901      <>;To_ORI-A1_Te2/5;connected;routed;auto;auto;--;
AQUICFDZEUSR1-01;Vlan3903;<> To_AQUICFDZEUSR connected;routed;auto;auto;;--;
AQUICFDZEUSR1-02;mgmt0;--;connected;routed;full;a-1000;--;
AQUICFDZEUSR1-02;Eth1/1;<>To_ORI-A2_Te2;connected;trunk;full;a-10G;10Gbase-SR;
AQUICFDZEUSR1-02;Eth1/2;<*> AQUICFDZEUS disabled;trunk;auto;auto;;10Gbase-SR;
AQUICFDZEUSR1-02;Eth1/3;<*> AQUICFDZEUS disabled;trunk;auto;auto;;10Gbase-SR;
AQUICFDZEUSR1-02;Eth1/4           <*>;AQUICLSZEUS;connected;trunk;full;10G;10Gbase-SR;
AQUICFDZEUSR1-02;Eth1/5           <*>;AQUICLSZEUS;connected;trunk;full;10G;10Gbase-SR;
AQUICFDZEUSR1-02;Eth1/6           <*>;AQUICLSZEUS;connected;trunk;full;10G;10Gbase-SR;
AQUICFDZEUSR1-02;Eth1/7           <*>;AQUICLSZEUS;connected;trunk;full;10G;10Gbase-SR;
AQUICFDZEUSR1-02;Eth1/8           <>;To_AQUIZEUSR;connected;trunk;full;a-10G;10Gbase-SR;
AQUICFDZEUSR1-02;Eth1/9           <>;To_AQUIZEUSR;connected;trunk;full;a-10G;10Gbase-SR;
AQUICFDZEUSR1-02;Eth1/10          SIGMA_IDS;_AQUI;connected;1;full;a-10G;10Gbase-SR;
AQUICFDZEUSR1-02;Eth1/11          SIGMA_IDS;_AQUI;connected;1;full;a-10G;10Gbase-SR;
AQUICFDZEUSR1-02;Eth1/12          SIGMA_IDS;_AQUI;connected;1;full;a-10G;10Gbase-SR;
AQUICFDZEUSR1-02;Eth1/13          <*>;AQUIR1-MKTP;connected;trunk;full;a-10G;10Gbase-SR;
AQUICFDZEUSR1-02;Eth1/14          <*>;AQUIR1-MKTP;connected;trunk;full;a-10G;10Gbase-SR;
AQUICFDZEUSR1-02;Eth1/15;--;sfpAbsent;routed;auto;auto;--;
AQUICFDZEUSR1-02;Eth1/16;--;sfpAbsent;routed;auto;auto;--;
AQUICFDZEUSR1-02;Eth1/17;<*> AQUICFDZEUS disabled;trunk;auto;auto;;10Gbase-SR;
AQUICFDZEUSR1-02;Eth1/18;<*> AQUICFDZEUS disabled;trunk;auto;auto;;10Gbase-SR;
AQUICFDZEUSR1-02;Eth1/19;--;sfpAbsent;routed;auto;auto;--;
AQUICFDZEUSR1-02;Eth1/20;--;sfpAbsent;routed;auto;auto;--;
AQUICFDZEUSR1-02;Eth1/21;--;sfpAbsent;routed;auto;auto;--;
AQUICFDZEUSR1-02;Eth1/22;--;disabled;routed;auto;auto;10Gbase-SR;
AQUICFDZEUSR1-02;Eth1/23;--;disabled;routed;auto;auto;10Gbase-SR;
AQUICFDZEUSR1-02;Eth1/24;--;disabled;routed;auto;auto;1000base-SX;
AQUICFDZEUSR1-02;Eth1/25;--;disabled;routed;auto;auto;10Gbase-SR;
AQUICFDZEUSR1-02;Eth1/26;--;disabled;routed;auto;auto;10Gbase-SR;
AQUICFDZEUSR1-02;Eth1/27;--;sfpAbsent;routed;auto;auto;--;
AQUICFDZEUSR1-02;Eth1/28;--;sfpAbsent;routed;auto;auto;--;
AQUICFDZEUSR1-02;Eth1/29;--;sfpAbsent;routed;auto;auto;--;
AQUICFDZEUSR1-02;Eth1/30;--;sfpAbsent;routed;auto;auto;--;
AQUICFDZEUSR1-02;Eth1/31;--;sfpAbsent;routed;auto;auto;--;
AQUICFDZEUSR1-02;Eth1/32;--;sfpAbsent;routed;auto;auto;--;
AQUICFDZEUSR1-02;Eth1/33;--;sfpAbsent;routed;auto;auto;--;
AQUICFDZEUSR1-02;Eth1/34;--;sfpAbsent;routed;auto;auto;--;
AQUICFDZEUSR1-02;Eth1/35;--;sfpAbsent;routed;auto;auto;--;
AQUICFDZEUSR1-02;Eth1/36;--;sfpAbsent;routed;auto;auto;--;
AQUICFDZEUSR1-02;Eth1/37;--;sfpAbsent;routed;auto;auto;--;
AQUICFDZEUSR1-02;Eth1/38;--;sfpAbsent;routed;auto;auto;--;
AQUICFDZEUSR1-02;Eth1/39;--;sfpAbsent;routed;auto;auto;--;
AQUICFDZEUSR1-02;Eth1/40;--;sfpAbsent;routed;auto;auto;--;
AQUICFDZEUSR1-02;Eth1/41;--;sfpAbsent;routed;auto;auto;--;
AQUICFDZEUSR1-02;Eth1/42;--;sfpAbsent;routed;auto;auto;--;
AQUICFDZEUSR1-02;Eth1/43;--;sfpAbsent;routed;auto;auto;--;
AQUICFDZEUSR1-02;Eth1/44;--;sfpAbsent;routed;auto;auto;--;
AQUICFDZEUSR1-02;Eth1/45;--;sfpAbsent;routed;auto;auto;--;
AQUICFDZEUSR1-02;Eth1/46;--;sfpAbsent;routed;auto;auto;--;
AQUICFDZEUSR1-02;Eth1/47;--;sfpAbsent;routed;auto;auto;--;
AQUICFDZEUSR1-02;Eth1/48;--;disabled;routed;auto;auto;10Gbase-SR;
AQUICFDZEUSR1-02;Eth2/1           <*>;AQUICFDZEUS;connected;trunk;full;40G;QSFP+ BiDi;
AQUICFDZEUSR1-02;Eth2/2;RESERVED_FUTUR_;disabled;routed;auto;auto;QSFP+ BiDi;
AQUICFDZEUSR1-02;Eth2/3;RESERVED;xcvrAbsen;routed;auto;auto;--;
AQUICFDZEUSR1-02;Eth2/4;RESERVED;xcvrAbsen;routed;auto;auto;--;
AQUICFDZEUSR1-02;Eth2/5           <*>;AQUICLSZEUS;connected;trunk;full;40G;QSFP+ BiDi;
AQUICFDZEUSR1-02;Eth2/6           <*>;AQUICLSZEUS;connected;trunk;full;40G;QSFP+ BiDi;
AQUICFDZEUSR1-02;Eth5/1           <*>;AQUICFDZEUS;connected;trunk;full;40G;QSFP+ BiDi;
AQUICFDZEUSR1-02;Eth5/2;RESERVED_FUTUR_;xcvrAbsen;routed;auto;auto;--;
AQUICFDZEUSR1-02;Eth5/3;--;xcvrAbsen;routed;auto;auto;--;
AQUICFDZEUSR1-02;Eth5/4;--;xcvrAbsen;routed;auto;auto;--;
AQUICFDZEUSR1-02;Eth5/5;--;xcvrAbsen;routed;auto;auto;--;
AQUICFDZEUSR1-02;Eth5/6;--;xcvrAbsen;routed;auto;auto;--;
AQUICFDZEUSR1-02;Po10;--;disabled;trunk;auto;auto;--;
AQUICFDZEUSR1-02;Po11             <*>;AQUICFDZEUS;connected;trunk;full;40G;--;
AQUICFDZEUSR1-02;Po55             <*>;AQUICLSZEUS;connected;trunk;full;40G;--;
AQUICFDZEUSR1-02;Po65             <*>;AQUIR1-MKTP;connected;trunk;full;a-10G;--;
AQUICFDZEUSR1-02;Po81             SIGMA_IDS;_AQUI;connected;1;full;a-10G;--;
AQUICFDZEUSR1-02;Po4091           <*>;AQUICLSZEUS;connected;trunk;full;10G;--;
AQUICFDZEUSR1-02;Po4095           <*>;AQUICLSZEUS;connected;trunk;full;10G;--;
AQUICFDZEUSR1-02;Lo37;--;connected;routed;auto;auto;--;
AQUICFDZEUSR1-02;Lo42;--;connected;routed;auto;auto;--;
AQUICFDZEUSR1-02;Lo53;--;connected;routed;auto;auto;--;
AQUICFDZEUSR1-02;Lo90;LBK_MULTICAST_R;connected;routed;auto;auto;--;
AQUICFDZEUSR1-02;Vlan1;--;down;routed;auto;auto;--;
AQUICFDZEUSR1-02;Vlan10;--;connected;routed;auto;auto;--;
AQUICFDZEUSR1-02;Vlan11;--;connected;routed;auto;auto;--;
AQUICFDZEUSR1-02;Vlan12;--;connected;routed;auto;auto;--;
AQUICFDZEUSR1-02;Vlan15;--;connected;routed;auto;auto;--;
AQUICFDZEUSR1-02;Vlan16;--;connected;routed;auto;auto;--;
AQUICFDZEUSR1-02;Vlan17;--;connected;routed;auto;auto;--;
AQUICFDZEUSR1-02;Vlan18;--;connected;routed;auto;auto;--;
AQUICFDZEUSR1-02;Vlan19;--;connected;routed;auto;auto;--;
AQUICFDZEUSR1-02;Vlan20;ADMIN_NAS;connected;routed;auto;auto;--;
AQUICFDZEUSR1-02;Vlan22;PZEUS_NonRouted_An;down;routed;auto;auto;--;
AQUICFDZEUSR1-02;Vlan23;PZEUS_STD_FO_VARON;connected;routed;auto;auto;--;
AQUICFDZEUSR1-02;Vlan30;HDI_AGILE_MARK_DC2;connected;routed;auto;auto;--;
AQUICFDZEUSR1-02;Vlan995;Int_Admin_NOOBA_IB;connected;routed;auto;auto;--;
AQUICFDZEUSR1-02;Vlan2502;PRVSHAREDSERVICES_;connected;routed;auto;auto;--;
AQUICFDZEUSR1-02;Vlan2503;PRVSHAREDSERVICES_;connected;routed;auto;auto;--;
AQUICFDZEUSR1-02;Vlan3001;OUTSOURCING_SERVIC;connected;routed;auto;auto;--;
AQUICFDZEUSR1-02;Vlan3002;OUTSOURCING_SERVIC;connected;routed;auto;auto;--;
AQUICFDZEUSR1-02;Vlan3003;OUTSOURCING_SERVIC;connected;routed;auto;auto;--;
AQUICFDZEUSR1-02;Vlan3004;OUTSOURCING_SERVIC;connected;routed;auto;auto;--;
AQUICFDZEUSR1-02;Vlan3005;OUTSOURCING_SERVIC;connected;routed;auto;auto;--;
AQUICFDZEUSR1-02;Vlan3006;OUTSOURCING_SERVIC;connected;routed;auto;auto;--;
AQUICFDZEUSR1-02;Vlan3007;OUTSOURCING_SERVIC;connected;routed;auto;auto;--;
AQUICFDZEUSR1-02;Vlan3008;OUTSOURCING_SERVIC;connected;routed;auto;auto;--;
AQUICFDZEUSR1-02;Vlan3009;OUTSOURCING_SERVIC;connected;routed;auto;auto;--;
AQUICFDZEUSR1-02;Vlan3010;OUTSOURCING_SERVIC;connected;routed;auto;auto;--;
AQUICFDZEUSR1-02;Vlan3011;OUTSOURCING_SERVIC;connected;routed;auto;auto;--;
AQUICFDZEUSR1-02;Vlan3012;OUTSOURCING_SERVIC;connected;routed;auto;auto;--;
AQUICFDZEUSR1-02;Vlan3013;OUTSOURCING_PROVID;connected;routed;auto;auto;--;
AQUICFDZEUSR1-02;Vlan3014;OUTSOURCING_GIMS-S;connected;routed;auto;auto;--;
AQUICFDZEUSR1-02;Vlan3015;OUTSOURCING_GIMS-S;connected;routed;auto;auto;--;
AQUICFDZEUSR1-02;Vlan3016;OUTSOURCING_PROVID;connected;routed;auto;auto;--;
AQUICFDZEUSR1-02;Vlan3017;OUTSOURCING_PROVID;connected;routed;auto;auto;--;
AQUICFDZEUSR1-02;Vlan3018;OUTSOURCING_PROVID;connected;routed;auto;auto;--;
AQUICFDZEUSR1-02;Vlan3019;OUTSOURCING_PROVID;connected;routed;auto;auto;--;
AQUICFDZEUSR1-02;Vlan3020;OUTSOURCING_PROVID;connected;routed;auto;auto;--;
AQUICFDZEUSR1-02;Vlan3021;OUTSOURCING_PROVID;connected;routed;auto;auto;--;
AQUICFDZEUSR1-02;Vlan3022;OUTSOURCING_PROVID;connected;routed;auto;auto;--;
AQUICFDZEUSR1-02;Vlan3023;OUTSOURCING_PROVID;connected;routed;auto;auto;--;
AQUICFDZEUSR1-02;Vlan3024;OUTSOURCING_PROVID;connected;routed;auto;auto;--;
AQUICFDZEUSR1-02;Vlan3025;OUTSOURCING_PROVID;connected;routed;auto;auto;--;
AQUICFDZEUSR1-02;Vlan3026;OUTSOURCING_PROVID;connected;routed;auto;auto;--;
AQUICFDZEUSR1-02;Vlan3027;OUTSOURCING_PROVID;connected;routed;auto;auto;--;
AQUICFDZEUSR1-02;Vlan3028;OUTSOURCING_PROVID;connected;routed;auto;auto;--;
AQUICFDZEUSR1-02;Vlan3029;OUTSOURCING_PROVID;connected;routed;auto;auto;--;
AQUICFDZEUSR1-02;Vlan3030;OUTSOURCING_PROVID;connected;routed;auto;auto;--;
AQUICFDZEUSR1-02;Vlan3031;OUTSOURCING_PROVID;connected;routed;auto;auto;--;
AQUICFDZEUSR1-02;Vlan3032;OUTSOURCING_PROVID;connected;routed;auto;auto;--;
AQUICFDZEUSR1-02;Vlan3033;OUTSOURCING_PROVID;connected;routed;auto;auto;--;
AQUICFDZEUSR1-02;Vlan3034;OUTSOURCING_PROVID;connected;routed;auto;auto;--;
AQUICFDZEUSR1-02;Vlan3035;OUTSOURCING_PROVID;connected;routed;auto;auto;--;
AQUICFDZEUSR1-02;Vlan3036;OUTSOURCING_PROVID;connected;routed;auto;auto;--;
AQUICFDZEUSR1-02;Vlan3037;OUTSOURCING_PROVID;connected;routed;auto;auto;--;
AQUICFDZEUSR1-02;Vlan3038;OUTSOURCING_PROVID;connected;routed;auto;auto;--;
AQUICFDZEUSR1-02;Vlan3039;OUTSOURCING_PROVID;connected;routed;auto;auto;--;
AQUICFDZEUSR1-02;Vlan3040;OUTSOURCING_PROVID;connected;routed;auto;auto;--;
AQUICFDZEUSR1-02;Vlan3041;OUTSOURCING_PROVID;connected;routed;auto;auto;--;
AQUICFDZEUSR1-02;Vlan3042;OUTSOURCING_PROVID;connected;routed;auto;auto;--;
AQUICFDZEUSR1-02;Vlan3043;OUTSOURCING_PROVID;connected;routed;auto;auto;--;
AQUICFDZEUSR1-02;Vlan3044;OUTSOURCING_PROVID;connected;routed;auto;auto;--;
AQUICFDZEUSR1-02;Vlan3045;OUTSOURCING_PROVID;connected;routed;auto;auto;--;
AQUICFDZEUSR1-02;Vlan3046;OUTSOURCING_PROVID;connected;routed;auto;auto;--;
AQUICFDZEUSR1-02;Vlan3047;OUTSOURCING_PROVID;connected;routed;auto;auto;--;
AQUICFDZEUSR1-02;Vlan3048;OUTSOURCING_PROVID;connected;routed;auto;auto;--;
AQUICFDZEUSR1-02;Vlan3101;NDG_REBOUND_PROVID;connected;routed;auto;auto;--;
AQUICFDZEUSR1-02;Vlan3102;NDG_REBOUND_PROVID;connected;routed;auto;auto;--;
AQUICFDZEUSR1-02;Vlan3103;NDG_REBOUND_PROVID;connected;routed;auto;auto;--;
AQUICFDZEUSR1-02;Vlan3104;NDG_REBOUND_PROVID;connected;routed;auto;auto;--;
AQUICFDZEUSR1-02;Vlan3105;NDG_REBOUND_PROVID;connected;routed;auto;auto;--;
AQUICFDZEUSR1-02;Vlan3106;NDG_REBOUND_PROVID;connected;routed;auto;auto;--;
AQUICFDZEUSR1-02;Vlan3107;NDG_REBOUND_PROVID;connected;routed;auto;auto;--;
AQUICFDZEUSR1-02;Vlan3108;NDG_REBOUND_PROVID;connected;routed;auto;auto;--;
AQUICFDZEUSR1-02;Vlan3109;NDG_REBOUND_PROVID;connected;routed;auto;auto;--;
AQUICFDZEUSR1-02;Vlan3110;NDG_REBOUND_PROVID;connected;routed;auto;auto;--;
AQUICFDZEUSR1-02;Vlan3111;NDG_REBOUND_PROVID;connected;routed;auto;auto;--;
AQUICFDZEUSR1-02;Vlan3112;NDG_REBOUND_PROVID;connected;routed;auto;auto;--;
AQUICFDZEUSR1-02;Vlan3113;NDG_REBOUND_PROVID;connected;routed;auto;auto;--;
AQUICFDZEUSR1-02;Vlan3114;NDG_REBOUND_PROVID;connected;routed;auto;auto;--;
AQUICFDZEUSR1-02;Vlan3115;NDG_REBOUND_PROVID;connected;routed;auto;auto;--;
AQUICFDZEUSR1-02;Vlan3116;NDG_REBOUND_PROVID;connected;routed;auto;auto;--;
AQUICFDZEUSR1-02;Vlan3117;NDG_REBOUND_PROVID;connected;routed;auto;auto;--;
AQUICFDZEUSR1-02;Vlan3118;NDG_REBOUND_PROVID;connected;routed;auto;auto;--;
AQUICFDZEUSR1-02;Vlan3119;NDG_REBOUND_PROVID;connected;routed;auto;auto;--;
AQUICFDZEUSR1-02;Vlan3120;NDG_REBOUND_PROVID;connected;routed;auto;auto;--;
AQUICFDZEUSR1-02;Vlan3121;NDG_REBOUND_PROVID;connected;routed;auto;auto;--;
AQUICFDZEUSR1-02;Vlan3122;NDG_REBOUND_PROVID;connected;routed;auto;auto;--;
AQUICFDZEUSR1-02;Vlan3123;NDG_REBOUND_PROVID;connected;routed;auto;auto;--;
AQUICFDZEUSR1-02;Vlan3124;NDG_REBOUND_PROVID;connected;routed;auto;auto;--;
AQUICFDZEUSR1-02;Vlan3125;NDG_REBOUND_PROVID;connected;routed;auto;auto;--;
AQUICFDZEUSR1-02;Vlan3126;NDG_REBOUND_PROVID;connected;routed;auto;auto;--;
AQUICFDZEUSR1-02;Vlan3127;NDG_REBOUND_PROVID;connected;routed;auto;auto;--;
AQUICFDZEUSR1-02;Vlan3128;NDG_REBOUND_PROVID;connected;routed;auto;auto;--;
AQUICFDZEUSR1-02;Vlan3129;NDG_REBOUND_PROVID;connected;routed;auto;auto;--;
AQUICFDZEUSR1-02;Vlan3130;NDG_REBOUND_PROVID;connected;routed;auto;auto;--;
AQUICFDZEUSR1-02;Vlan3131;NDG_REBOUND_PROVID;connected;routed;auto;auto;--;
AQUICFDZEUSR1-02;Vlan3132;NDG_REBOUND_PROVID;connected;routed;auto;auto;--;
AQUICFDZEUSR1-02;Vlan3802      <>;To_ORI-A2_Te2/5;connected;routed;auto;auto;--;
AQUICFDZEUSR1-02;Vlan3803      <>;To_AQUIZEUSR1-0;connected;routed;auto;auto;--;
AQUICFDZEUSR1-02;Vlan3902      <>;To_ORI-A2_Te2/5;connected;routed;auto;auto;--;
AQUICFDZEUSR1-02;Vlan3903;<> To_AQUICFDZEUSR connected;routed;auto;auto;;--;
DC2CFDZEUSA2-02;mgmt0;--;connected;routed;full;a-1000;--;
DC2CFDZEUSA2-02;Eth1/1;<*>FED_DC2-B1_T;connected;routed;full;10G;10Gbase-SR;
DC2CFDZEUSA2-02;Eth1/1.990;FED_ADMIN_DC2-B;connected;routed;full;10G;10Gbase-SR;
DC2CFDZEUSA2-02;Eth1/1.2133;FED_RDS_DC2-B1_;connected;routed;full;10G;10Gbase-SR;
DC2CFDZEUSA2-02;Eth1/1.2212;FED_RIX_DC2-B1_;connected;routed;full;10G;10Gbase-SR;
DC2CFDZEUSA2-02;Eth1/1.2490;FED_RVP_ETRALI_;connected;routed;full;10G;10Gbase-SR;
DC2CFDZEUSA2-02;Eth1/1.2501;FED_RVP_PRVSHAR;connected;routed;full;10G;10Gbase-SR;
DC2CFDZEUSA2-02;Eth1/1.3801;FED_RVP_SHAREDS;connected;routed;full;10G;10Gbase-SR;
DC2CFDZEUSA2-02;Eth1/1.3901;FED_RVP_RUS_DC2;connected;routed;full;10G;10Gbase-SR;
DC2CFDZEUSA2-02;Eth1/2;<*> DC2CFDZEUSA disabled;trunk;auto;auto;;10Gbase-SR;
DC2CFDZEUSA2-02;Eth1/3;<*> DC2CFDZEUSA disabled;trunk;auto;auto;;10Gbase-SR;
DC2CFDZEUSA2-02;Eth1/4           <*>;DC2ZEUSA2-0;connected;trunk;full;10G;10Gbase-SR;
DC2CFDZEUSA2-02;Eth1/5           <*>;DC2ZEUSA2-0;connected;trunk;full;10G;10Gbase-SR;
DC2CFDZEUSA2-02;Eth1/6           <*>;DC2CLSZEUSA;connected;trunk;full;10G;10Gbase-SR;
DC2CFDZEUSA2-02;Eth1/7           <*>;DC2CLSZEUSA;connected;trunk;full;10G;10Gbase-SR;
DC2CFDZEUSA2-02;Eth1/8           <*>;DC2CLSZEUSB;connected;trunk;full;10G;10Gbase-SR;
DC2CFDZEUSA2-02;Eth1/9           <*>;DC2CLSZEUSB;connected;trunk;full;10G;10Gbase-SR;
DC2CFDZEUSA2-02;Eth1/10          <*>;DC2CLSZEUSB;connected;trunk;full;10G;10Gbase-SR;
DC2CFDZEUSA2-02;Eth1/11          <*>;DC2CLSZEUSB;connected;trunk;full;10G;10Gbase-SR;
DC2CFDZEUSA2-02;Eth1/12          <*>;DC2RETALMB1;connected;25;full;10G;10Gbase-SR;
DC2CFDZEUSA2-02;Eth1/13          <*>;DC2RtrTsmA1;connected;trunk;full;10G;10Gbase-SR;
DC2CFDZEUSA2-02;Eth1/14;SIGMA_DC2A4-MAT;connected;1;full;10G;10Gbase-SR;
DC2CFDZEUSA2-02;Eth1/15;RESERVER_SIGMA-;connected;1;full;10G;10Gbase-SR;
DC2CFDZEUSA2-02;Eth1/16;SIGMA_DC2A4-MAT;connected;1;full;10G;10Gbase-SR;
DC2CFDZEUSA2-02;Eth1/17;<*> DC2CFDZEUSA disabled;trunk;auto;auto;;10Gbase-SR;
DC2CFDZEUSA2-02;Eth1/18;<*> DC2CFDZEUSA disabled;trunk;auto;auto;;10Gbase-SR;
DC2CFDZEUSA2-02;Eth1/19;--;sfpAbsent;routed;auto;auto;--;
DC2CFDZEUSA2-02;Eth1/20;DC2A2-ZEUS-SDX-;connected;trunk;full;10G;10Gbase-SR;
DC2CFDZEUSA2-02;Eth1/21;DC2A2-ZEUS-SDX-;connected;trunk;full;10G;10Gbase-SR;
DC2CFDZEUSA2-02;Eth1/22;DC2A2-ZEUS-SDX-;connected;trunk;full;10G;10Gbase-SR;
DC2CFDZEUSA2-02;Eth1/23;DC2A2-ZEUS-SDX-;connected;trunk;full;10G;10Gbase-SR;
DC2CFDZEUSA2-02;Eth1/24;reservedByX0987;sfpAbsent;routed;auto;auto;--;
DC2CFDZEUSA2-02;Eth2/1           <*>;DC2CFDZEUSA;connected;trunk;full;40G;QSFP+ BiDi;
DC2CFDZEUSA2-02;Eth2/2;RESERVED_FUTUR_;disabled;routed;auto;auto;QSFP+ BiDi;
DC2CFDZEUSA2-02;Eth2/3;RESERVED;xcvrAbsen;routed;auto;auto;--;
DC2CFDZEUSA2-02;Eth2/4;RESERVED;xcvrAbsen;routed;auto;auto;--;
DC2CFDZEUSA2-02;Eth2/5           <*>;DC2CLSZEUSA;connected;trunk;full;40G;QSFP+ BiDi;
DC2CFDZEUSA2-02;Eth2/6           <*>;DC2CLSZEUSA;connected;trunk;full;40G;QSFP+ BiDi;
DC2CFDZEUSA2-02;Eth2/7           <*>;DC2CLSZEUSA;connected;trunk;full;40G;QSFP+ BiDi;
DC2CFDZEUSA2-02;Eth2/8           <*>;DC2CLSZEUSA;connected;trunk;full;40G;QSFP+ BiDi;
DC2CFDZEUSA2-02;Eth2/9;RESERVED;xcvrAbsen;routed;auto;auto;--;
DC2CFDZEUSA2-02;Eth2/10;RESERVED;xcvrAbsen;routed;auto;auto;--;
DC2CFDZEUSA2-02;Eth2/11          <*>;DC2CLSZEUSA;connected;trunk;full;40G;QSFP+ BiDi;
DC2CFDZEUSA2-02;Eth2/12          <*>;DC2CLSZEUSA;connected;trunk;full;40G;QSFP+ BiDi;
DC2CFDZEUSA2-02;Eth3/1           <*> DC2CFDZEUSA;err-disab;trunk;auto;auto;QSFP+;BiDi;
DC2CFDZEUSA2-02;Eth3/2;RESERVED_FUTUR_;disabled;routed;auto;auto;QSFP+ BiDi;
DC2CFDZEUSA2-02;Eth3/3;--;xcvrAbsen;routed;auto;auto;--;
DC2CFDZEUSA2-02;Eth3/4;--;xcvrAbsen;routed;auto;auto;--;
DC2CFDZEUSA2-02;Eth3/5;--;xcvrAbsen;routed;auto;auto;--;
DC2CFDZEUSA2-02;Eth3/6;--;xcvrAbsen;routed;auto;auto;--;
DC2CFDZEUSA2-02;Eth3/7;--;xcvrAbsen;routed;auto;auto;--;
DC2CFDZEUSA2-02;Eth3/8;--;xcvrAbsen;routed;auto;auto;--;
DC2CFDZEUSA2-02;Eth3/9;--;xcvrAbsen;routed;auto;auto;--;
DC2CFDZEUSA2-02;Eth3/10;--;xcvrAbsen;routed;auto;auto;--;
DC2CFDZEUSA2-02;Eth3/11;--;xcvrAbsen;routed;auto;auto;--;
DC2CFDZEUSA2-02;Eth3/12;--;xcvrAbsen;routed;auto;auto;--;
DC2CFDZEUSA2-02;Po10;<*> DC2CFDZEUSA disabled;trunk;auto;auto;;--;
DC2CFDZEUSA2-02;Po11             <*>;DC2CFDZEUSA;connected;trunk;full;40G;--;
DC2CFDZEUSA2-02;Po52             <*>;DC2CLSZEUSA;connected;trunk;full;10G;--;
DC2CFDZEUSA2-02;Po54             <*>;DC2CLSZEUSA;connected;trunk;full;40G;--;
DC2CFDZEUSA2-02;Po56             <*>;DC2CLSZEUSA;connected;trunk;full;40G;--;
DC2CFDZEUSA2-02;Po70;DC2A2-ZEUS-SDX-;connected;trunk;full;10G;--;
DC2CFDZEUSA2-02;Po71;DC2A2-ZEUS-SDX-;connected;trunk;full;10G;--;
DC2CFDZEUSA2-02;Po202            <*>;DC2CLSZEUSA;connected;trunk;full;40G;--;
DC2CFDZEUSA2-02;Po4093           <*>;DC2CLSZEUSB;connected;trunk;full;10G;--;
DC2CFDZEUSA2-02;Po4094;--;noOperMem;routed;auto;auto;--;
DC2CFDZEUSA2-02;Po4095           <*>;DC2CLSZEUSB;connected;trunk;full;10G;--;
DC2CFDZEUSA2-02;Lo1;--;connected;routed;auto;auto;--;
DC2CFDZEUSA2-02;Lo2;--;connected;routed;auto;auto;--;
DC2CFDZEUSA2-02;Lo29;management_RVP_;connected;routed;auto;auto;--;
DC2CFDZEUSA2-02;Lo37;--;connected;routed;auto;auto;--;
DC2CFDZEUSA2-02;Lo42;--;connected;routed;auto;auto;--;
DC2CFDZEUSA2-02;Lo53;--;connected;routed;auto;auto;--;
DC2CFDZEUSA2-02;Lo90;LBK_MULTICAST_R;connected;routed;auto;auto;--;
DC2CFDZEUSA2-02;Vlan1;--;down;routed;auto;auto;--;
DC2CFDZEUSA2-02;Vlan10;--;connected;routed;auto;auto;--;
DC2CFDZEUSA2-02;Vlan11;--;connected;routed;auto;auto;--;
DC2CFDZEUSA2-02;Vlan12;--;connected;routed;auto;auto;--;
DC2CFDZEUSA2-02;Vlan15;--;connected;routed;auto;auto;--;
DC2CFDZEUSA2-02;Vlan16;--;connected;routed;auto;auto;--;
DC2CFDZEUSA2-02;Vlan17;--;connected;routed;auto;auto;--;
DC2CFDZEUSA2-02;Vlan18;--;connected;routed;auto;auto;--;
DC2CFDZEUSA2-02;Vlan19;--;connected;routed;auto;auto;--;
DC2CFDZEUSA2-02;Vlan20;ADMIN_NAS;connected;routed;auto;auto;--;
DC2CFDZEUSA2-02;Vlan22;PZEUS_NonRouted_An;down;routed;auto;auto;--;
DC2CFDZEUSA2-02;Vlan23;PZEUS_STD_FO_VARON;connected;routed;auto;auto;--;
DC2CFDZEUSA2-02;Vlan24;IPT-SRV;connected;routed;auto;auto;--;
DC2CFDZEUSA2-02;Vlan25        <>;Vlan-Palantir;connected;routed;auto;auto;--;
DC2CFDZEUSA2-02;Vlan30;HDI_AGILE_MARK_DC2;connected;routed;auto;auto;--;
DC2CFDZEUSA2-02;Vlan51;SIPO-PHYSIQUE-PROD;connected;routed;auto;auto;--;
DC2CFDZEUSA2-02;Vlan53;SIPO-PHYSIQUE-HOMO;connected;routed;auto;auto;--;
DC2CFDZEUSA2-02;Vlan168;RLPIT-MULTICAST;connected;routed;auto;auto;--;
DC2CFDZEUSA2-02;Vlan995;NOOBA_Admin;connected;routed;auto;auto;--;
DC2CFDZEUSA2-02;Vlan1200;PZEUS_INTERCO_LB;connected;routed;auto;auto;--;
DC2CFDZEUSA2-02;Vlan1201;NS_INTERCO_HOMO;connected;routed;auto;auto;--;
DC2CFDZEUSA2-02;Vlan1202;CFD_NS_DISPATCH_PR;connected;routed;auto;auto;--;
DC2CFDZEUSA2-02;Vlan1820;GW_SBC_DC2;connected;routed;auto;auto;--;
DC2CFDZEUSA2-02;Vlan2134;<*> FED_RDS_DC2CFD connected;routed;auto;auto;;--;
DC2CFDZEUSA2-02;Vlan2214;<> RIX_To_DC2CFDZE connected;routed;auto;auto;;--;
DC2CFDZEUSA2-02;Vlan2492      <>;DC2CFDZEUSA3-02;connected;routed;auto;auto;--;
DC2CFDZEUSA2-02;Vlan2503;PRVSHAREDSERVICES_;connected;routed;auto;auto;--;
DC2CFDZEUSA2-02;Vlan3001;OUTSOURCING_SERVIC;connected;routed;auto;auto;--;
DC2CFDZEUSA2-02;Vlan3002;OUTSOURCING_SERVIC;connected;routed;auto;auto;--;
DC2CFDZEUSA2-02;Vlan3003;OUTSOURCING_SERVIC;connected;routed;auto;auto;--;
DC2CFDZEUSA2-02;Vlan3004;OUTSOURCING_SERVIC;connected;routed;auto;auto;--;
DC2CFDZEUSA2-02;Vlan3005;OUTSOURCING_SERVIC;connected;routed;auto;auto;--;
DC2CFDZEUSA2-02;Vlan3006;OUTSOURCING_SERVIC;connected;routed;auto;auto;--;
DC2CFDZEUSA2-02;Vlan3007;OUTSOURCING_SERVIC;connected;routed;auto;auto;--;
DC2CFDZEUSA2-02;Vlan3008;OUTSOURCING_SERVIC;connected;routed;auto;auto;--;
DC2CFDZEUSA2-02;Vlan3009;OUTSOURCING_SERVIC;connected;routed;auto;auto;--;
DC2CFDZEUSA2-02;Vlan3010;OUTSOURCING_SERVIC;connected;routed;auto;auto;--;
DC2CFDZEUSA2-02;Vlan3011;OUTSOURCING_SERVIC;connected;routed;auto;auto;--;
DC2CFDZEUSA2-02;Vlan3012;OUTSOURCING_SERVIC;connected;routed;auto;auto;--;
DC2CFDZEUSA2-02;Vlan3013;OUTSOURCING_PROVID;connected;routed;auto;auto;--;
DC2CFDZEUSA2-02;Vlan3014;OUTSOURCING_GIMS-S;connected;routed;auto;auto;--;
DC2CFDZEUSA2-02;Vlan3015;OUTSOURCING_GIMS-S;connected;routed;auto;auto;--;
DC2CFDZEUSA2-02;Vlan3016;OUTSOURCING_PROVID;connected;routed;auto;auto;--;
DC2CFDZEUSA2-02;Vlan3017;OUTSOURCING_PROVID;connected;routed;auto;auto;--;
DC2CFDZEUSA2-02;Vlan3018;OUTSOURCING_SIOP-O;connected;routed;auto;auto;--;
DC2CFDZEUSA2-02;Vlan3019;OUTSOURCING_SIOP-O;connected;routed;auto;auto;--;
DC2CFDZEUSA2-02;Vlan3020;OUTSOURCING_SIOP-O;connected;routed;auto;auto;--;
DC2CFDZEUSA2-02;Vlan3021;OUTSOURCING_PROVID;connected;routed;auto;auto;--;
DC2CFDZEUSA2-02;Vlan3022;OUTSOURCING_PROVID;connected;routed;auto;auto;--;
DC2CFDZEUSA2-02;Vlan3023;OUTSOURCING_PROVID;connected;routed;auto;auto;--;
DC2CFDZEUSA2-02;Vlan3024;OUTSOURCING_PROVID;connected;routed;auto;auto;--;
DC2CFDZEUSA2-02;Vlan3025;OUTSOURCING_PROVID;connected;routed;auto;auto;--;
DC2CFDZEUSA2-02;Vlan3026;OUTSOURCING_PROVID;connected;routed;auto;auto;--;
DC2CFDZEUSA2-02;Vlan3027;OUTSOURCING_PROVID;connected;routed;auto;auto;--;
DC2CFDZEUSA2-02;Vlan3028;OUTSOURCING_PROVID;connected;routed;auto;auto;--;
DC2CFDZEUSA2-02;Vlan3029;OUTSOURCING_PROVID;connected;routed;auto;auto;--;
DC2CFDZEUSA2-02;Vlan3030;OUTSOURCING_PROVID;connected;routed;auto;auto;--;
DC2CFDZEUSA2-02;Vlan3031;OUTSOURCING_PROVID;connected;routed;auto;auto;--;
DC2CFDZEUSA2-02;Vlan3032;OUTSOURCING_PROVID;connected;routed;auto;auto;--;
DC2CFDZEUSA2-02;Vlan3033;OUTSOURCING_PROVID;connected;routed;auto;auto;--;
DC2CFDZEUSA2-02;Vlan3034;OUTSOURCING_PROVID;connected;routed;auto;auto;--;
DC2CFDZEUSA2-02;Vlan3035;OUTSOURCING_PROVID;connected;routed;auto;auto;--;
DC2CFDZEUSA2-02;Vlan3036;OUTSOURCING_PROVID;connected;routed;auto;auto;--;
DC2CFDZEUSA2-02;Vlan3037;OUTSOURCING_PROVID;connected;routed;auto;auto;--;
DC2CFDZEUSA2-02;Vlan3038;OUTSOURCING_PROVID;connected;routed;auto;auto;--;
DC2CFDZEUSA2-02;Vlan3039;OUTSOURCING_PROVID;connected;routed;auto;auto;--;
DC2CFDZEUSA2-02;Vlan3040;OUTSOURCING_PROVID;connected;routed;auto;auto;--;
DC2CFDZEUSA2-02;Vlan3041;OUTSOURCING_PROVID;connected;routed;auto;auto;--;
DC2CFDZEUSA2-02;Vlan3042;OUTSOURCING_PROVID;connected;routed;auto;auto;--;
DC2CFDZEUSA2-02;Vlan3043;OUTSOURCING_PROVID;connected;routed;auto;auto;--;
DC2CFDZEUSA2-02;Vlan3044;OUTSOURCING_PROVID;connected;routed;auto;auto;--;
DC2CFDZEUSA2-02;Vlan3045;OUTSOURCING_PROVID;connected;routed;auto;auto;--;
DC2CFDZEUSA2-02;Vlan3046;OUTSOURCING_PROVID;connected;routed;auto;auto;--;
DC2CFDZEUSA2-02;Vlan3047;OUTSOURCING_PROVID;connected;routed;auto;auto;--;
DC2CFDZEUSA2-02;Vlan3048;OUTSOURCING_PROVID;connected;routed;auto;auto;--;
DC2CFDZEUSA2-02;Vlan3101;NDG_REBOUND_PROVID;connected;routed;auto;auto;--;
DC2CFDZEUSA2-02;Vlan3102;NDG_REBOUND_PROVID;connected;routed;auto;auto;--;
DC2CFDZEUSA2-02;Vlan3103;NDG_REBOUND_PROVID;connected;routed;auto;auto;--;
DC2CFDZEUSA2-02;Vlan3104;NDG_REBOUND_PROVID;connected;routed;auto;auto;--;
DC2CFDZEUSA2-02;Vlan3105;NDG_REBOUND_PROVID;connected;routed;auto;auto;--;
DC2CFDZEUSA2-02;Vlan3106;NDG_REBOUND_PROVID;connected;routed;auto;auto;--;
DC2CFDZEUSA2-02;Vlan3107;NDG_REBOUND_PROVID;connected;routed;auto;auto;--;
DC2CFDZEUSA2-02;Vlan3108;NDG_REBOUND_PROVID;connected;routed;auto;auto;--;
DC2CFDZEUSA2-02;Vlan3109;NDG_REBOUND_PROVID;connected;routed;auto;auto;--;
DC2CFDZEUSA2-02;Vlan3110;NDG_REBOUND_PROVID;connected;routed;auto;auto;--;
DC2CFDZEUSA2-02;Vlan3111;NDG_REBOUND_PROVID;connected;routed;auto;auto;--;
DC2CFDZEUSA2-02;Vlan3112;NDG_REBOUND_PROVID;connected;routed;auto;auto;--;
DC2CFDZEUSA2-02;Vlan3113;NDG_REBOUND_PROVID;connected;routed;auto;auto;--;
DC2CFDZEUSA2-02;Vlan3114;NDG_REBOUND_PROVID;connected;routed;auto;auto;--;
DC2CFDZEUSA2-02;Vlan3115;NDG_REBOUND_PROVID;connected;routed;auto;auto;--;
DC2CFDZEUSA2-02;Vlan3116;NDG_REBOUND_PROVID;connected;routed;auto;auto;--;
DC2CFDZEUSA2-02;Vlan3117;NDG_REBOUND_PROVID;connected;routed;auto;auto;--;
DC2CFDZEUSA2-02;Vlan3118;NDG_REBOUND_PROVID;connected;routed;auto;auto;--;
DC2CFDZEUSA2-02;Vlan3119;NDG_REBOUND_PROVID;connected;routed;auto;auto;--;
DC2CFDZEUSA2-02;Vlan3120;NDG_REBOUND_PROVID;connected;routed;auto;auto;--;
DC2CFDZEUSA2-02;Vlan3121;NDG_REBOUND_PROVID;connected;routed;auto;auto;--;
DC2CFDZEUSA2-02;Vlan3122;NDG_REBOUND_PROVID;connected;routed;auto;auto;--;
DC2CFDZEUSA2-02;Vlan3123;NDG_REBOUND_PROVID;connected;routed;auto;auto;--;
DC2CFDZEUSA2-02;Vlan3124;NDG_REBOUND_PROVID;connected;routed;auto;auto;--;
DC2CFDZEUSA2-02;Vlan3125;NDG_REBOUND_PROVID;connected;routed;auto;auto;--;
DC2CFDZEUSA2-02;Vlan3126;NDG_REBOUND_PROVID;connected;routed;auto;auto;--;
DC2CFDZEUSA2-02;Vlan3127;NDG_REBOUND_PROVID;connected;routed;auto;auto;--;
DC2CFDZEUSA2-02;Vlan3128;NDG_REBOUND_PROVID;connected;routed;auto;auto;--;
DC2CFDZEUSA2-02;Vlan3129;NDG_REBOUND_PROVID;connected;routed;auto;auto;--;
DC2CFDZEUSA2-02;Vlan3130;NDG_REBOUND_PROVID;connected;routed;auto;auto;--;
DC2CFDZEUSA2-02;Vlan3131;NDG_REBOUND_PROVID;connected;routed;auto;auto;--;
DC2CFDZEUSA2-02;Vlan3132;NDG_REBOUND_PROVID;connected;routed;auto;auto;--;
DC2CFDZEUSA2-02;Vlan3803      <>;To_DC2ZEUSA2-02;connected;routed;auto;auto;--;
DC2CFDZEUSA2-02;Vlan3877;LAN_TSM_SHARED_SER;connected;routed;auto;auto;--;
DC2CFDZEUSA2-02;Vlan3903;<> To_DC2CFDZEUSA2 connected;routed;auto;auto;;--;
DC2CFDZEUSA3-02;mgmt0;--;connected;routed;full;a-1000;--;
DC2CFDZEUSA3-02;Eth1/1;<*>FED_DC2-B2_T;connected;routed;full;10G;10Gbase-SR;
DC2CFDZEUSA3-02;Eth1/1.991;FED_ADMIN_DC2-B;connected;routed;full;10G;10Gbase-SR;
DC2CFDZEUSA3-02;Eth1/1.2133;FED_RDS_DC2-B2_;connected;routed;full;10G;10Gbase-SR;
DC2CFDZEUSA3-02;Eth1/1.2213;FED_RIX_DC2-B2_;connected;routed;full;10G;10Gbase-SR;
DC2CFDZEUSA3-02;Eth1/1.2491;FED_RVP_ETRALI_;connected;routed;full;10G;10Gbase-SR;
DC2CFDZEUSA3-02;Eth1/1.2502;FED_RVP_PRVSHAR;connected;routed;full;10G;10Gbase-SR;
DC2CFDZEUSA3-02;Eth1/1.3802;FED_RVP_SHAREDS;connected;routed;full;10G;10Gbase-SR;
DC2CFDZEUSA3-02;Eth1/1.3902;FED_RVP_RUS_DC2;connected;routed;full;10G;10Gbase-SR;
DC2CFDZEUSA3-02;Eth1/2;<*> DC2CFDZEUSA disabled;trunk;auto;auto;;10Gbase-SR;
DC2CFDZEUSA3-02;Eth1/3;<*> DC2CFDZEUSA disabled;trunk;auto;auto;;10Gbase-SR;
DC2CFDZEUSA3-02;Eth1/4           <*>;DC2ZEUSA2-0;connected;trunk;full;10G;10Gbase-SR;
DC2CFDZEUSA3-02;Eth1/5           <*>;DC2ZEUSA2-0;connected;trunk;full;10G;10Gbase-SR;
DC2CFDZEUSA3-02;Eth1/6           <*>;DC2CLSZEUSA;connected;trunk;full;10G;10Gbase-SR;
DC2CFDZEUSA3-02;Eth1/7           <*>;DC2CLSZEUSA;connected;trunk;full;10G;10Gbase-SR;
DC2CFDZEUSA3-02;Eth1/8           <*>;DC2CLSZEUSB;connected;trunk;full;10G;10Gbase-SR;
DC2CFDZEUSA3-02;Eth1/9           <*>;DC2CLSZEUSB;connected;trunk;full;10G;10Gbase-SR;
DC2CFDZEUSA3-02;Eth1/10          <*>;DC2CLSZEUSB;connected;trunk;full;10G;10Gbase-SR;
DC2CFDZEUSA3-02;Eth1/11          <*>;DC2CLSZEUSB;connected;trunk;full;10G;10Gbase-SR;
DC2CFDZEUSA3-02;Eth1/12          <*>;DC2RETALMB1;connected;25;full;10G;10Gbase-SR;
DC2CFDZEUSA3-02;Eth1/13;DC2A1-TSM-CFD-0;connected;trunk;full;10G;10Gbase-SR;
DC2CFDZEUSA3-02;Eth1/14;RESERVER_SIGMA-;connected;1;full;10G;10Gbase-SR;
DC2CFDZEUSA3-02;Eth1/15;SIGMA_DC2A4-MAT;connected;1;full;10G;10Gbase-SR;
DC2CFDZEUSA3-02;Eth1/16;SIGMA_DC2A4-MAT;connected;1;full;10G;10Gbase-SR;
DC2CFDZEUSA3-02;Eth1/17;<*> DC2CFDZEUSA disabled;trunk;auto;auto;;10Gbase-SR;
DC2CFDZEUSA3-02;Eth1/18;<*> DC2CFDZEUSA disabled;trunk;auto;auto;;10Gbase-SR;
DC2CFDZEUSA3-02;Eth1/19;--;sfpAbsent;routed;auto;auto;--;
DC2CFDZEUSA3-02;Eth1/20;DC2A3-ZEUS-SDX-;connected;trunk;full;10G;10Gbase-SR;
DC2CFDZEUSA3-02;Eth1/21;DC2A3-ZEUS-SDX-;connected;trunk;full;10G;10Gbase-SR;
DC2CFDZEUSA3-02;Eth1/22;DC2A3-ZEUS-SDX-;connected;trunk;full;10G;10Gbase-SR;
DC2CFDZEUSA3-02;Eth1/23;DC2A3-ZEUS-SDX-;connected;trunk;full;10G;10Gbase-SR;
DC2CFDZEUSA3-02;Eth1/24;--;sfpAbsent;routed;auto;auto;--;
DC2CFDZEUSA3-02;Eth2/1           <*>;DC2CFDZEUSA;connected;trunk;full;40G;QSFP+ BiDi;
DC2CFDZEUSA3-02;Eth2/2;RESERVED_FUTUR_;disabled;routed;auto;auto;QSFP+ BiDi;
DC2CFDZEUSA3-02;Eth2/3;RESERVED;xcvrAbsen;routed;auto;auto;--;
DC2CFDZEUSA3-02;Eth2/4;RESERVED;xcvrAbsen;routed;auto;auto;--;
DC2CFDZEUSA3-02;Eth2/5           <*>;DC2CLSZEUSA;connected;trunk;full;40G;QSFP+ BiDi;
DC2CFDZEUSA3-02;Eth2/6           <*>;DC2CLSZEUSA;connected;trunk;full;40G;QSFP+ BiDi;
DC2CFDZEUSA3-02;Eth2/7           <*>;DC2CLSZEUSA;connected;trunk;full;40G;QSFP+ BiDi;
DC2CFDZEUSA3-02;Eth2/8           <*>;DC2CLSZEUSA;connected;trunk;full;40G;QSFP+ BiDi;
DC2CFDZEUSA3-02;Eth2/9;RESERVED;xcvrAbsen;routed;auto;auto;--;
DC2CFDZEUSA3-02;Eth2/10;RESERVED;xcvrAbsen;routed;auto;auto;--;
DC2CFDZEUSA3-02;Eth2/11          <*>;DC2CLSZEUSA;connected;trunk;full;40G;QSFP+ BiDi;
DC2CFDZEUSA3-02;Eth2/12          <*>;DC2CLSZEUSA;connected;trunk;full;40G;QSFP+ BiDi;
DC2CFDZEUSA3-02;Eth3/1;<*> DC2CFDZEUSA notconnec;trunk;auto;auto;QSFP+;BiDi;
DC2CFDZEUSA3-02;Eth3/2;RESERVED_FUTUR_;disabled;routed;auto;auto;QSFP+ BiDi;
DC2CFDZEUSA3-02;Eth3/3;--;xcvrAbsen;routed;auto;auto;--;
DC2CFDZEUSA3-02;Eth3/4;--;xcvrAbsen;routed;auto;auto;--;
DC2CFDZEUSA3-02;Eth3/5;--;xcvrAbsen;routed;auto;auto;--;
DC2CFDZEUSA3-02;Eth3/6;--;xcvrAbsen;routed;auto;auto;--;
DC2CFDZEUSA3-02;Eth3/7;--;xcvrAbsen;routed;auto;auto;--;
DC2CFDZEUSA3-02;Eth3/8;--;xcvrAbsen;routed;auto;auto;--;
DC2CFDZEUSA3-02;Eth3/9;--;xcvrAbsen;routed;auto;auto;--;
DC2CFDZEUSA3-02;Eth3/10;--;xcvrAbsen;routed;auto;auto;--;
DC2CFDZEUSA3-02;Eth3/11;--;xcvrAbsen;routed;auto;auto;--;
DC2CFDZEUSA3-02;Eth3/12;--;xcvrAbsen;routed;auto;auto;--;
DC2CFDZEUSA3-02;Po10;<*> DC2CFDZEUSA disabled;trunk;auto;auto;;--;
DC2CFDZEUSA3-02;Po11             <*>;DC2CFDZEUSA;connected;trunk;full;40G;--;
DC2CFDZEUSA3-02;Po53;DC2CLSZEUSA3-01;connected;trunk;full;10G;--;
DC2CFDZEUSA3-02;Po55             <*>;DC2CLSZEUSA;connected;trunk;full;40G;--;
DC2CFDZEUSA3-02;Po57             <*>;DC2CLSZEUSA;connected;trunk;full;40G;--;
DC2CFDZEUSA3-02;Po70;DC2A3-ZEUS-SDX-;connected;trunk;full;10G;--;
DC2CFDZEUSA3-02;Po71;DC2A3-ZEUS-SDX-;connected;trunk;full;10G;--;
DC2CFDZEUSA3-02;Po203            <*>;DC2CLSZEUSA;connected;trunk;full;40G;--;
DC2CFDZEUSA3-02;Po4092           <*>;DC2CLSZEUSB;connected;trunk;full;10G;--;
DC2CFDZEUSA3-02;Po4094           <*>;DC2CLSZEUSB;connected;trunk;full;10G;--;
DC2CFDZEUSA3-02;Lo1;--;connected;routed;auto;auto;--;
DC2CFDZEUSA3-02;Lo2;--;connected;routed;auto;auto;--;
DC2CFDZEUSA3-02;Lo29;management_RVP_;connected;routed;auto;auto;--;
DC2CFDZEUSA3-02;Lo37;--;connected;routed;auto;auto;--;
DC2CFDZEUSA3-02;Lo42;--;connected;routed;auto;auto;--;
DC2CFDZEUSA3-02;Lo53;--;connected;routed;auto;auto;--;
DC2CFDZEUSA3-02;Lo90;LBK_MULTICAST_R;connected;routed;auto;auto;--;
DC2CFDZEUSA3-02;Vlan1;--;down;routed;auto;auto;--;
DC2CFDZEUSA3-02;Vlan10;--;connected;routed;auto;auto;--;
DC2CFDZEUSA3-02;Vlan11;--;connected;routed;auto;auto;--;
DC2CFDZEUSA3-02;Vlan12;--;connected;routed;auto;auto;--;
DC2CFDZEUSA3-02;Vlan15;--;connected;routed;auto;auto;--;
DC2CFDZEUSA3-02;Vlan16;--;connected;routed;auto;auto;--;
DC2CFDZEUSA3-02;Vlan17;--;connected;routed;auto;auto;--;
DC2CFDZEUSA3-02;Vlan18;--;connected;routed;auto;auto;--;
DC2CFDZEUSA3-02;Vlan19;--;connected;routed;auto;auto;--;
DC2CFDZEUSA3-02;Vlan20;ADMIN_NAS;connected;routed;auto;auto;--;
DC2CFDZEUSA3-02;Vlan22;PZEUS_NonRouted_An;down;routed;auto;auto;--;
DC2CFDZEUSA3-02;Vlan23;PZEUS_STD_FO_VARON;connected;routed;auto;auto;--;
DC2CFDZEUSA3-02;Vlan24;IPT-SRV;connected;routed;auto;auto;--;
DC2CFDZEUSA3-02;Vlan25        <>;Vlan-Palantir;connected;routed;auto;auto;--;
DC2CFDZEUSA3-02;Vlan30;HDI_AGILE_MARK_DC2;connected;routed;auto;auto;--;
DC2CFDZEUSA3-02;Vlan51;SIPO-PHYSIQUE-PROD;connected;routed;auto;auto;--;
DC2CFDZEUSA3-02;Vlan53;SIPO-PHYSIQUE-HOMO;connected;routed;auto;auto;--;
DC2CFDZEUSA3-02;Vlan168;RLPIT-MULTICAST;connected;routed;auto;auto;--;
DC2CFDZEUSA3-02;Vlan995;NOOBA_Admin;connected;routed;auto;auto;--;
DC2CFDZEUSA3-02;Vlan1200;PZEUS_INTERCO_LB;connected;routed;auto;auto;--;
DC2CFDZEUSA3-02;Vlan1201;NS_INTERCO_HOMO;connected;routed;auto;auto;--;
DC2CFDZEUSA3-02;Vlan1202;CFD_NS_DISPATCH_PR;connected;routed;auto;auto;--;
DC2CFDZEUSA3-02;Vlan1820;GW_SBC_DC2;connected;routed;auto;auto;--;
DC2CFDZEUSA3-02;Vlan2134;DC2CFDZEUSA3-02;connected;routed;auto;auto;--;
DC2CFDZEUSA3-02;Vlan2214;<> RIX_To_DC2CFDZE connected;routed;auto;auto;;--;
DC2CFDZEUSA3-02;Vlan2492      <>;DC2CFDZEUSA3-02;connected;routed;auto;auto;--;
DC2CFDZEUSA3-02;Vlan2503;PRVSHAREDSERVICES_;connected;routed;auto;auto;--;
DC2CFDZEUSA3-02;Vlan3001;OUTSOURCING_SERVIC;connected;routed;auto;auto;--;
DC2CFDZEUSA3-02;Vlan3002;OUTSOURCING_SERVIC;connected;routed;auto;auto;--;
DC2CFDZEUSA3-02;Vlan3003;OUTSOURCING_SERVIC;connected;routed;auto;auto;--;
DC2CFDZEUSA3-02;Vlan3004;OUTSOURCING_SERVIC;connected;routed;auto;auto;--;
DC2CFDZEUSA3-02;Vlan3005;OUTSOURCING_SERVIC;connected;routed;auto;auto;--;
DC2CFDZEUSA3-02;Vlan3006;OUTSOURCING_SERVIC;connected;routed;auto;auto;--;
DC2CFDZEUSA3-02;Vlan3007;OUTSOURCING_SERVIC;connected;routed;auto;auto;--;
DC2CFDZEUSA3-02;Vlan3008;OUTSOURCING_SERVIC;connected;routed;auto;auto;--;
DC2CFDZEUSA3-02;Vlan3009;OUTSOURCING_SERVIC;connected;routed;auto;auto;--;
DC2CFDZEUSA3-02;Vlan3010;OUTSOURCING_SERVIC;connected;routed;auto;auto;--;
DC2CFDZEUSA3-02;Vlan3011;OUTSOURCING_SERVIC;connected;routed;auto;auto;--;
DC2CFDZEUSA3-02;Vlan3012;OUTSOURCING_SERVIC;connected;routed;auto;auto;--;
DC2CFDZEUSA3-02;Vlan3013;OUTSOURCING_PROVID;connected;routed;auto;auto;--;
DC2CFDZEUSA3-02;Vlan3014;OUTSOURCING_GIMS-S;connected;routed;auto;auto;--;
DC2CFDZEUSA3-02;Vlan3015;OUTSOURCING_GIMS-S;connected;routed;auto;auto;--;
DC2CFDZEUSA3-02;Vlan3016;OUTSOURCING_PROVID;connected;routed;auto;auto;--;
DC2CFDZEUSA3-02;Vlan3017;OUTSOURCING_PROVID;connected;routed;auto;auto;--;
DC2CFDZEUSA3-02;Vlan3018;OUTSOURCING_SIOP-O;connected;routed;auto;auto;--;
DC2CFDZEUSA3-02;Vlan3019;OUTSOURCING_SIOP-O;connected;routed;auto;auto;--;
DC2CFDZEUSA3-02;Vlan3020;OUTSOURCING_SIOP-O;connected;routed;auto;auto;--;
DC2CFDZEUSA3-02;Vlan3021;OUTSOURCING_PROVID;connected;routed;auto;auto;--;
DC2CFDZEUSA3-02;Vlan3022;OUTSOURCING_PROVID;connected;routed;auto;auto;--;
DC2CFDZEUSA3-02;Vlan3023;OUTSOURCING_PROVID;connected;routed;auto;auto;--;
DC2CFDZEUSA3-02;Vlan3024;OUTSOURCING_PROVID;connected;routed;auto;auto;--;
DC2CFDZEUSA3-02;Vlan3025;OUTSOURCING_PROVID;connected;routed;auto;auto;--;
DC2CFDZEUSA3-02;Vlan3026;OUTSOURCING_PROVID;connected;routed;auto;auto;--;
DC2CFDZEUSA3-02;Vlan3027;OUTSOURCING_PROVID;connected;routed;auto;auto;--;
DC2CFDZEUSA3-02;Vlan3028;OUTSOURCING_PROVID;connected;routed;auto;auto;--;
DC2CFDZEUSA3-02;Vlan3029;OUTSOURCING_PROVID;connected;routed;auto;auto;--;
DC2CFDZEUSA3-02;Vlan3030;OUTSOURCING_PROVID;connected;routed;auto;auto;--;
DC2CFDZEUSA3-02;Vlan3031;OUTSOURCING_PROVID;connected;routed;auto;auto;--;
DC2CFDZEUSA3-02;Vlan3032;OUTSOURCING_PROVID;connected;routed;auto;auto;--;
DC2CFDZEUSA3-02;Vlan3033;OUTSOURCING_PROVID;connected;routed;auto;auto;--;
DC2CFDZEUSA3-02;Vlan3034;OUTSOURCING_PROVID;connected;routed;auto;auto;--;
DC2CFDZEUSA3-02;Vlan3035;OUTSOURCING_PROVID;connected;routed;auto;auto;--;
DC2CFDZEUSA3-02;Vlan3036;OUTSOURCING_PROVID;connected;routed;auto;auto;--;
DC2CFDZEUSA3-02;Vlan3037;OUTSOURCING_PROVID;connected;routed;auto;auto;--;
DC2CFDZEUSA3-02;Vlan3038;OUTSOURCING_PROVID;connected;routed;auto;auto;--;
DC2CFDZEUSA3-02;Vlan3039;OUTSOURCING_PROVID;connected;routed;auto;auto;--;
DC2CFDZEUSA3-02;Vlan3040;OUTSOURCING_PROVID;connected;routed;auto;auto;--;
DC2CFDZEUSA3-02;Vlan3041;OUTSOURCING_PROVID;connected;routed;auto;auto;--;
DC2CFDZEUSA3-02;Vlan3042;OUTSOURCING_PROVID;connected;routed;auto;auto;--;
DC2CFDZEUSA3-02;Vlan3043;OUTSOURCING_PROVID;connected;routed;auto;auto;--;
DC2CFDZEUSA3-02;Vlan3044;OUTSOURCING_PROVID;connected;routed;auto;auto;--;
DC2CFDZEUSA3-02;Vlan3045;OUTSOURCING_PROVID;connected;routed;auto;auto;--;
DC2CFDZEUSA3-02;Vlan3046;OUTSOURCING_PROVID;connected;routed;auto;auto;--;
DC2CFDZEUSA3-02;Vlan3047;OUTSOURCING_PROVID;connected;routed;auto;auto;--;
DC2CFDZEUSA3-02;Vlan3048;OUTSOURCING_PROVID;connected;routed;auto;auto;--;
DC2CFDZEUSA3-02;Vlan3101;NDG_REBOUND_PROVID;connected;routed;auto;auto;--;
DC2CFDZEUSA3-02;Vlan3102;NDG_REBOUND_PROVID;connected;routed;auto;auto;--;
DC2CFDZEUSA3-02;Vlan3103;NDG_REBOUND_PROVID;connected;routed;auto;auto;--;
DC2CFDZEUSA3-02;Vlan3104;NDG_REBOUND_PROVID;connected;routed;auto;auto;--;
DC2CFDZEUSA3-02;Vlan3105;NDG_REBOUND_PROVID;connected;routed;auto;auto;--;
DC2CFDZEUSA3-02;Vlan3106;NDG_REBOUND_PROVID;connected;routed;auto;auto;--;
DC2CFDZEUSA3-02;Vlan3107;NDG_REBOUND_PROVID;connected;routed;auto;auto;--;
DC2CFDZEUSA3-02;Vlan3108;NDG_REBOUND_PROVID;connected;routed;auto;auto;--;
DC2CFDZEUSA3-02;Vlan3109;NDG_REBOUND_PROVID;connected;routed;auto;auto;--;
DC2CFDZEUSA3-02;Vlan3110;NDG_REBOUND_PROVID;connected;routed;auto;auto;--;
DC2CFDZEUSA3-02;Vlan3111;NDG_REBOUND_PROVID;connected;routed;auto;auto;--;
DC2CFDZEUSA3-02;Vlan3112;NDG_REBOUND_PROVID;connected;routed;auto;auto;--;
DC2CFDZEUSA3-02;Vlan3113;NDG_REBOUND_PROVID;connected;routed;auto;auto;--;
DC2CFDZEUSA3-02;Vlan3114;NDG_REBOUND_PROVID;connected;routed;auto;auto;--;
DC2CFDZEUSA3-02;Vlan3115;NDG_REBOUND_PROVID;connected;routed;auto;auto;--;
DC2CFDZEUSA3-02;Vlan3116;NDG_REBOUND_PROVID;connected;routed;auto;auto;--;
DC2CFDZEUSA3-02;Vlan3117;NDG_REBOUND_PROVID;connected;routed;auto;auto;--;
DC2CFDZEUSA3-02;Vlan3118;NDG_REBOUND_PROVID;connected;routed;auto;auto;--;
DC2CFDZEUSA3-02;Vlan3119;NDG_REBOUND_PROVID;connected;routed;auto;auto;--;
DC2CFDZEUSA3-02;Vlan3120;NDG_REBOUND_PROVID;connected;routed;auto;auto;--;
DC2CFDZEUSA3-02;Vlan3121;NDG_REBOUND_PROVID;connected;routed;auto;auto;--;
DC2CFDZEUSA3-02;Vlan3122;NDG_REBOUND_PROVID;connected;routed;auto;auto;--;
DC2CFDZEUSA3-02;Vlan3123;NDG_REBOUND_PROVID;connected;routed;auto;auto;--;
DC2CFDZEUSA3-02;Vlan3124;NDG_REBOUND_PROVID;connected;routed;auto;auto;--;
DC2CFDZEUSA3-02;Vlan3125;NDG_REBOUND_PROVID;connected;routed;auto;auto;--;
DC2CFDZEUSA3-02;Vlan3126;NDG_REBOUND_PROVID;connected;routed;auto;auto;--;
DC2CFDZEUSA3-02;Vlan3127;NDG_REBOUND_PROVID;connected;routed;auto;auto;--;
DC2CFDZEUSA3-02;Vlan3128;NDG_REBOUND_PROVID;connected;routed;auto;auto;--;
DC2CFDZEUSA3-02;Vlan3129;NDG_REBOUND_PROVID;connected;routed;auto;auto;--;
DC2CFDZEUSA3-02;Vlan3130;NDG_REBOUND_PROVID;connected;routed;auto;auto;--;
DC2CFDZEUSA3-02;Vlan3131;NDG_REBOUND_PROVID;connected;routed;auto;auto;--;
DC2CFDZEUSA3-02;Vlan3132;NDG_REBOUND_PROVID;connected;routed;auto;auto;--;
DC2CFDZEUSA3-02;Vlan3803      <>;To_DC2ZEUSA2-01;connected;routed;auto;auto;--;
DC2CFDZEUSA3-02;Vlan3877;LAN_TSM_SHARED_SER;connected;routed;auto;auto;--;
DC2CFDZEUSA3-02;Vlan3903;<> To_DC2CFDZEUSA2 connected;routed;auto;auto;;--;
SC2CFDZEUSR1-03;mgmt0;--;connected;routed;full;a-1000;--;
SC2CFDZEUSR1-03;Eth1/1;FED_SC2-A1_Te0/;connected;routed;full;a-10G;10Gbase-SR;
SC2CFDZEUSR1-03;Eth1/1.1501;FED_ADMIN_SC2-A;connected;routed;full;a-10G;10Gbase-SR;
SC2CFDZEUSR1-03;Eth1/1.2490;FED_RVP_ETRALI_;connected;routed;full;a-10G;10Gbase-SR;
SC2CFDZEUSR1-03;Eth1/1.2501;FED_RVP_PRVSHAR;connected;routed;full;a-10G;10Gbase-SR;
SC2CFDZEUSR1-03;Eth1/1.3801;FED_PZEUS_SC2-A;connected;routed;full;a-10G;10Gbase-SR;
SC2CFDZEUSR1-03;Eth1/1.3901;FED_RVP_RUS_SC2;connected;routed;full;a-10G;10Gbase-SR;
SC2CFDZEUSR1-03;Eth1/2;<> DontActive_m disabled;trunk;auto;auto;;10Gbase-SR;
SC2CFDZEUSR1-03;Eth1/3;<> DontActive_m disabled;trunk;auto;auto;;10Gbase-SR;
SC2CFDZEUSR1-03;Eth1/4;--;sfpAbsent;routed;auto;auto;--;
SC2CFDZEUSR1-03;Eth1/5;--;sfpAbsent;routed;auto;auto;--;
SC2CFDZEUSR1-03;Eth1/6           <*>;SC2CLSZEUSR;connected;trunk;full;a-10G;10Gbase-SR;
SC2CFDZEUSR1-03;Eth1/7           <*>;SC2CLSZEUSR;connected;trunk;full;a-10G;10Gbase-SR;
SC2CFDZEUSR1-03;Eth1/8           <>;To_SC2ZEUSR1;connected;trunk;full;a-10G;10Gbase-SR;
SC2CFDZEUSR1-03;Eth1/9           <*>;SC2CLSZEUSR;connected;trunk;full;a-10G;10Gbase-SR;
SC2CFDZEUSR1-03;Eth1/10          <*>;SC2CLSZEUSR;connected;trunk;full;a-10G;10Gbase-SR;
SC2CFDZEUSR1-03;Eth1/11          <>;To_SC2ZEUSR1;connected;trunk;full;a-10G;10Gbase-SR;
SC2CFDZEUSR1-03;Eth1/12          RESERVE;RACCORD;notconnec;trunk;full;10G;10Gbase-SR;
SC2CFDZEUSR1-03;Eth1/13;RESERVE RACCORD sfpAbsent;routed;auto;auto;;--;
SC2CFDZEUSR1-03;Eth1/14;Sigma_IDS_SC2AS;connected;1;full;a-10G;10Gbase-SR;
SC2CFDZEUSR1-03;Eth1/15;Sigma_IDS_SC2AS;connected;1;full;a-10G;10Gbase-SR;
SC2CFDZEUSR1-03;Eth1/16;SC2CLSZEUSR1-05;sfpAbsent;routed;auto;auto;--;
SC2CFDZEUSR1-03;Eth1/17;SC2CLSZEUSR1-06;sfpAbsent;routed;auto;auto;--;
SC2CFDZEUSR1-03;Eth1/18;--;sfpAbsent;routed;auto;auto;--;
SC2CFDZEUSR1-03;Eth1/19;--;sfpAbsent;routed;auto;auto;--;
SC2CFDZEUSR1-03;Eth1/20;SC2ASV-ZEUS-SDX;connected;trunk;full;a-10G;10Gbase-SR;
SC2CFDZEUSR1-03;Eth1/21;SC2ASV-ZEUS-SDX;connected;trunk;full;a-10G;10Gbase-SR;
SC2CFDZEUSR1-03;Eth1/22;SC2ASV-ZEUS-SDX;connected;trunk;full;a-10G;10Gbase-SR;
SC2CFDZEUSR1-03;Eth1/23;SC2ASV-ZEUS-SDX;connected;trunk;full;a-10G;10Gbase-SR;
SC2CFDZEUSR1-03;Eth1/24;--;sfpAbsent;routed;auto;auto;--;
SC2CFDZEUSR1-03;Eth1/25;--;sfpAbsent;routed;auto;auto;--;
SC2CFDZEUSR1-03;Eth1/26;--;sfpAbsent;routed;auto;auto;--;
SC2CFDZEUSR1-03;Eth1/27;--;sfpAbsent;routed;auto;auto;--;
SC2CFDZEUSR1-03;Eth1/28;--;sfpAbsent;routed;auto;auto;--;
SC2CFDZEUSR1-03;Eth1/29;--;sfpAbsent;routed;auto;auto;--;
SC2CFDZEUSR1-03;Eth1/30;--;sfpAbsent;routed;auto;auto;--;
SC2CFDZEUSR1-03;Eth1/31;--;sfpAbsent;routed;auto;auto;--;
SC2CFDZEUSR1-03;Eth1/32;--;sfpAbsent;routed;auto;auto;--;
SC2CFDZEUSR1-03;Eth1/33;--;sfpAbsent;routed;auto;auto;--;
SC2CFDZEUSR1-03;Eth1/34          <*>;SC2ASV-TSM-;connected;trunk;full;a-10G;10Gbase-SR;
SC2CFDZEUSR1-03;Eth1/35;--;sfpAbsent;routed;auto;auto;--;
SC2CFDZEUSR1-03;Eth1/36;--;sfpAbsent;routed;auto;auto;--;
SC2CFDZEUSR1-03;Eth1/37;--;sfpAbsent;routed;auto;auto;--;
SC2CFDZEUSR1-03;Eth1/38;--;sfpAbsent;routed;auto;auto;--;
SC2CFDZEUSR1-03;Eth1/39;--;sfpAbsent;routed;auto;auto;--;
SC2CFDZEUSR1-03;Eth1/40;--;sfpAbsent;routed;auto;auto;--;
SC2CFDZEUSR1-03;Eth1/41;--;sfpAbsent;routed;auto;auto;--;
SC2CFDZEUSR1-03;Eth1/42;--;sfpAbsent;routed;auto;auto;--;
SC2CFDZEUSR1-03;Eth1/43;--;sfpAbsent;routed;auto;auto;--;
SC2CFDZEUSR1-03;Eth1/44;--;sfpAbsent;routed;auto;auto;--;
SC2CFDZEUSR1-03;Eth1/45;--;sfpAbsent;routed;auto;auto;--;
SC2CFDZEUSR1-03;Eth1/46;--;sfpAbsent;routed;auto;auto;--;
SC2CFDZEUSR1-03;Eth1/47;--;sfpAbsent;routed;auto;auto;--;
SC2CFDZEUSR1-03;Eth1/48;--;sfpAbsent;routed;auto;auto;--;
SC2CFDZEUSR1-03;Eth5/1           <*>;SC2CFDZEUSR;connected;trunk;full;40G;QSFP+ BiDi;
SC2CFDZEUSR1-03;Eth5/2;--;disabled;routed;auto;auto;QSFP+ BiDi;
SC2CFDZEUSR1-03;Eth5/3;--;xcvrAbsen;routed;auto;auto;--;
SC2CFDZEUSR1-03;Eth5/4;--;xcvrAbsen;routed;auto;auto;--;
SC2CFDZEUSR1-03;Eth5/5;--;xcvrAbsen;routed;auto;auto;--;
SC2CFDZEUSR1-03;Eth5/6;--;xcvrAbsen;routed;auto;auto;--;
SC2CFDZEUSR1-03;Eth5/7;--;xcvrAbsen;routed;auto;auto;--;
SC2CFDZEUSR1-03;Eth5/8;--;xcvrAbsen;routed;auto;auto;--;
SC2CFDZEUSR1-03;Eth5/9;--;xcvrAbsen;routed;auto;auto;--;
SC2CFDZEUSR1-03;Eth5/10;--;xcvrAbsen;routed;auto;auto;--;
SC2CFDZEUSR1-03;Eth5/11;--;xcvrAbsen;routed;auto;auto;--;
SC2CFDZEUSR1-03;Eth5/12;--;xcvrAbsen;routed;auto;auto;--;
SC2CFDZEUSR1-03;Eth5/13;--;xcvrAbsen;routed;auto;auto;--;
SC2CFDZEUSR1-03;Eth5/14;--;xcvrAbsen;routed;auto;auto;--;
SC2CFDZEUSR1-03;Eth5/15;--;xcvrAbsen;routed;auto;auto;--;
SC2CFDZEUSR1-03;Eth5/16;--;xcvrAbsen;routed;auto;auto;--;
SC2CFDZEUSR1-03;Eth5/17;--;xcvrAbsen;routed;auto;auto;--;
SC2CFDZEUSR1-03;Eth5/18;--;xcvrAbsen;routed;auto;auto;--;
SC2CFDZEUSR1-03;Eth5/19;--;xcvrAbsen;routed;auto;auto;--;
SC2CFDZEUSR1-03;Eth5/20;--;xcvrAbsen;routed;auto;auto;--;
SC2CFDZEUSR1-03;Eth5/21;--;xcvrAbsen;routed;auto;auto;--;
SC2CFDZEUSR1-03;Eth5/22;--;xcvrAbsen;routed;auto;auto;--;
SC2CFDZEUSR1-03;Eth5/23          <*>;SC2CLSZEUSR;connected;trunk;full;40G;QSFP+ BiDi;
SC2CFDZEUSR1-03;Eth5/24          <*>;SC2CLSZEUSR;connected;trunk;full;40G;QSFP+ BiDi;
SC2CFDZEUSR1-03;Eth6/1           <>;SC2CFDZEUSR1;connected;trunk;full;40G;QSFP+ BiDi;
SC2CFDZEUSR1-03;Eth6/2;--;disabled;routed;auto;auto;QSFP+ BiDi;
SC2CFDZEUSR1-03;Eth6/3;--;xcvrAbsen;routed;auto;auto;--;
SC2CFDZEUSR1-03;Eth6/4;--;xcvrAbsen;routed;auto;auto;--;
SC2CFDZEUSR1-03;Eth6/5;--;xcvrAbsen;routed;auto;auto;--;
SC2CFDZEUSR1-03;Eth6/6;--;xcvrAbsen;routed;auto;auto;--;
SC2CFDZEUSR1-03;Eth6/7;--;xcvrAbsen;routed;auto;auto;--;
SC2CFDZEUSR1-03;Eth6/8;--;xcvrAbsen;routed;auto;auto;--;
SC2CFDZEUSR1-03;Eth6/9;--;xcvrAbsen;routed;auto;auto;--;
SC2CFDZEUSR1-03;Eth6/10;--;xcvrAbsen;routed;auto;auto;--;
SC2CFDZEUSR1-03;Eth6/11;--;xcvrAbsen;routed;auto;auto;--;
SC2CFDZEUSR1-03;Eth6/12;--;xcvrAbsen;routed;auto;auto;--;
SC2CFDZEUSR1-03;Eth6/13;--;xcvrAbsen;routed;auto;auto;--;
SC2CFDZEUSR1-03;Eth6/14;--;xcvrAbsen;routed;auto;auto;--;
SC2CFDZEUSR1-03;Eth6/15;--;xcvrAbsen;routed;auto;auto;--;
SC2CFDZEUSR1-03;Eth6/16;--;xcvrAbsen;routed;auto;auto;--;
SC2CFDZEUSR1-03;Eth6/17;--;xcvrAbsen;routed;auto;auto;--;
SC2CFDZEUSR1-03;Eth6/18;--;xcvrAbsen;routed;auto;auto;--;
SC2CFDZEUSR1-03;Eth6/19;--;xcvrAbsen;routed;auto;auto;--;
SC2CFDZEUSR1-03;Eth6/20;--;xcvrAbsen;routed;auto;auto;--;
SC2CFDZEUSR1-03;Eth6/21;--;xcvrAbsen;routed;auto;auto;--;
SC2CFDZEUSR1-03;Eth6/22;--;xcvrAbsen;routed;auto;auto;--;
SC2CFDZEUSR1-03;Eth6/23;--;disabled;routed;auto;auto;QSFP+ BiDi;
SC2CFDZEUSR1-03;Eth6/24;--;disabled;routed;auto;auto;QSFP+ BiDi;
SC2CFDZEUSR1-03;Po10;<> DontActive_m disabled;trunk;auto;auto;;--;
SC2CFDZEUSR1-03;Po11             <>;SC2CFDZEUSR2;connected;trunk;full;40G;--;
SC2CFDZEUSR1-03;Po70;SC2ASV-ZEUS-SDX;connected;trunk;full;a-10G;--;
SC2CFDZEUSR1-03;Po71;SC2ASV-ZEUS-SDX;connected;trunk;full;a-10G;--;
SC2CFDZEUSR1-03;Po80;Sigma_IDS_SC2AS;connected;1;full;a-10G;--;
SC2CFDZEUSR1-03;Po4086           <*>;SC2CLSZEUSR;connected;trunk;full;40G;--;
SC2CFDZEUSR1-03;Po4089           <>;To_SC2ZEUSR1;connected;trunk;full;a-10G;--;
SC2CFDZEUSR1-03;Po4090           <>;To_SC2ZEUSR1;connected;trunk;full;a-10G;--;
SC2CFDZEUSR1-03;Po4092           <*>;SC2CLSZEUS;connected;trunk;full;a-10G;--;
SC2CFDZEUSR1-03;Po4094           <*>;SC2CLSZEUSR;connected;trunk;full;a-10G;--;
SC2CFDZEUSR1-03;Lo29;management_RVP_;connected;routed;auto;auto;--;
SC2CFDZEUSR1-03;Lo53;--;connected;routed;auto;auto;--;
SC2CFDZEUSR1-03;Vlan1;--;down;routed;auto;auto;--;
SC2CFDZEUSR1-03;Vlan10;--;connected;routed;auto;auto;--;
SC2CFDZEUSR1-03;Vlan11;--;connected;routed;auto;auto;--;
SC2CFDZEUSR1-03;Vlan12;--;connected;routed;auto;auto;--;
SC2CFDZEUSR1-03;Vlan15;--;connected;routed;auto;auto;--;
SC2CFDZEUSR1-03;Vlan16;--;connected;routed;auto;auto;--;
SC2CFDZEUSR1-03;Vlan17;--;connected;routed;auto;auto;--;
SC2CFDZEUSR1-03;Vlan18;--;connected;routed;auto;auto;--;
SC2CFDZEUSR1-03;Vlan19;--;connected;routed;auto;auto;--;
SC2CFDZEUSR1-03;Vlan20;ADMIN_NAS_SC2;connected;routed;auto;auto;--;
SC2CFDZEUSR1-03;Vlan24;IPT-SRV;connected;routed;auto;auto;--;
SC2CFDZEUSR1-03;Vlan55;SIPO-PHYSIQUE-BACK;connected;routed;auto;auto;--;
SC2CFDZEUSR1-03;Vlan1200;PZEUS_INTERCO_LB;connected;routed;auto;auto;--;
SC2CFDZEUSR1-03;Vlan1201;NS_INTERCO_HOMO;connected;routed;auto;auto;--;
SC2CFDZEUSR1-03;Vlan1202;CFD_NS_DISPATCH_PR;connected;routed;auto;auto;--;
SC2CFDZEUSR1-03;Vlan1500;NOOBA_Admin_IB_SC2;connected;routed;auto;auto;--;
SC2CFDZEUSR1-03;Vlan1820;GW_SBC_DC2;connected;routed;auto;auto;--;
SC2CFDZEUSR1-03;Vlan2492      <>;SC2CFDZEUSR2-04;connected;routed;auto;auto;--;
SC2CFDZEUSR1-03;Vlan2503;PRVSHAREDSERVICES_;connected;routed;auto;auto;--;
SC2CFDZEUSR1-03;Vlan3001;OUTSOURCING_SERVIC;connected;routed;auto;auto;--;
SC2CFDZEUSR1-03;Vlan3002;OUTSOURCING_SERVIC;connected;routed;auto;auto;--;
SC2CFDZEUSR1-03;Vlan3003;OUTSOURCING_SERVIC;connected;routed;auto;auto;--;
SC2CFDZEUSR1-03;Vlan3004;OUTSOURCING_SERVIC;connected;routed;auto;auto;--;
SC2CFDZEUSR1-03;Vlan3005;OUTSOURCING_SERVIC;connected;routed;auto;auto;--;
SC2CFDZEUSR1-03;Vlan3006;OUTSOURCING_SERVIC;connected;routed;auto;auto;--;
SC2CFDZEUSR1-03;Vlan3007;OUTSOURCING_SERVIC;connected;routed;auto;auto;--;
SC2CFDZEUSR1-03;Vlan3008;OUTSOURCING_SERVIC;connected;routed;auto;auto;--;
SC2CFDZEUSR1-03;Vlan3009;OUTSOURCING_SERVIC;connected;routed;auto;auto;--;
SC2CFDZEUSR1-03;Vlan3010;OUTSOURCING_SERVIC;connected;routed;auto;auto;--;
SC2CFDZEUSR1-03;Vlan3011;OUTSOURCING_SERVIC;connected;routed;auto;auto;--;
SC2CFDZEUSR1-03;Vlan3012;OUTSOURCING_SERVIC;connected;routed;auto;auto;--;
SC2CFDZEUSR1-03;Vlan3013;OUTSOURCING_SERVIC;connected;routed;auto;auto;--;
SC2CFDZEUSR1-03;Vlan3014;OUTSOURCING_SERVIC;connected;routed;auto;auto;--;
SC2CFDZEUSR1-03;Vlan3015;OUTSOURCING_SERVIC;connected;routed;auto;auto;--;
SC2CFDZEUSR1-03;Vlan3016;OUTSOURCING_SERVIC;connected;routed;auto;auto;--;
SC2CFDZEUSR1-03;Vlan3017;OUTSOURCING_SERVIC;connected;routed;auto;auto;--;
SC2CFDZEUSR1-03;Vlan3018;OUTSOURCING_SERVIC;connected;routed;auto;auto;--;
SC2CFDZEUSR1-03;Vlan3019;OUTSOURCING_SERVIC;connected;routed;auto;auto;--;
SC2CFDZEUSR1-03;Vlan3020;OUTSOURCING_SERVIC;connected;routed;auto;auto;--;
SC2CFDZEUSR1-03;Vlan3021;OUTSOURCING_SERVIC;connected;routed;auto;auto;--;
SC2CFDZEUSR1-03;Vlan3022;OUTSOURCING_SERVIC;connected;routed;auto;auto;--;
SC2CFDZEUSR1-03;Vlan3023;OUTSOURCING_SERVIC;connected;routed;auto;auto;--;
SC2CFDZEUSR1-03;Vlan3024;OUTSOURCING_SERVIC;connected;routed;auto;auto;--;
SC2CFDZEUSR1-03;Vlan3025;OUTSOURCING_SERVIC;connected;routed;auto;auto;--;
SC2CFDZEUSR1-03;Vlan3026;OUTSOURCING_SERVIC;connected;routed;auto;auto;--;
SC2CFDZEUSR1-03;Vlan3027;OUTSOURCING_SERVIC;connected;routed;auto;auto;--;
SC2CFDZEUSR1-03;Vlan3028;OUTSOURCING_SERVIC;connected;routed;auto;auto;--;
SC2CFDZEUSR1-03;Vlan3029;OUTSOURCING_SERVIC;connected;routed;auto;auto;--;
SC2CFDZEUSR1-03;Vlan3030;OUTSOURCING_SERVIC;connected;routed;auto;auto;--;
SC2CFDZEUSR1-03;Vlan3031;OUTSOURCING_SERVIC;connected;routed;auto;auto;--;
SC2CFDZEUSR1-03;Vlan3032;OUTSOURCING_SERVIC;connected;routed;auto;auto;--;
SC2CFDZEUSR1-03;Vlan3101;PAER_NDG_REBOUND;connected;routed;auto;auto;--;
SC2CFDZEUSR1-03;Vlan3102;PAE_Standard_BSC;connected;routed;auto;auto;--;
SC2CFDZEUSR1-03;Vlan3103;NDG_REBOUND_PROVID;connected;routed;auto;auto;--;
SC2CFDZEUSR1-03;Vlan3104;NDG_REBOUND_PROVID;connected;routed;auto;auto;--;
SC2CFDZEUSR1-03;Vlan3105;NDG_REBOUND_PROVID;connected;routed;auto;auto;--;
SC2CFDZEUSR1-03;Vlan3106;NDG_REBOUND_PROVID;connected;routed;auto;auto;--;
SC2CFDZEUSR1-03;Vlan3107;NDG_REBOUND_PROVID;connected;routed;auto;auto;--;
SC2CFDZEUSR1-03;Vlan3108;NDG_REBOUND_PROVID;connected;routed;auto;auto;--;
SC2CFDZEUSR1-03;Vlan3109;NDG_REBOUND_PROVID;connected;routed;auto;auto;--;
SC2CFDZEUSR1-03;Vlan3110;NDG_REBOUND_PROVID;connected;routed;auto;auto;--;
SC2CFDZEUSR1-03;Vlan3111;NDG_REBOUND_PROVID;connected;routed;auto;auto;--;
SC2CFDZEUSR1-03;Vlan3112;NDG_REBOUND_PROVID;connected;routed;auto;auto;--;
SC2CFDZEUSR1-03;Vlan3113;NDG_REBOUND_PROVID;connected;routed;auto;auto;--;
SC2CFDZEUSR1-03;Vlan3114;NDG_REBOUND_PROVID;connected;routed;auto;auto;--;
SC2CFDZEUSR1-03;Vlan3115;NDG_REBOUND_PROVID;connected;routed;auto;auto;--;
SC2CFDZEUSR1-03;Vlan3116;NDG_REBOUND_PROVID;connected;routed;auto;auto;--;
SC2CFDZEUSR1-03;Vlan3117;NDG_REBOUND_PROVID;connected;routed;auto;auto;--;
SC2CFDZEUSR1-03;Vlan3118;NDG_REBOUND_PROVID;connected;routed;auto;auto;--;
SC2CFDZEUSR1-03;Vlan3119;NDG_REBOUND_PROVID;connected;routed;auto;auto;--;
SC2CFDZEUSR1-03;Vlan3120;NDG_REBOUND_PROVID;connected;routed;auto;auto;--;
SC2CFDZEUSR1-03;Vlan3121;NDG_REBOUND_PROVID;connected;routed;auto;auto;--;
SC2CFDZEUSR1-03;Vlan3122;NDG_REBOUND_PROVID;connected;routed;auto;auto;--;
SC2CFDZEUSR1-03;Vlan3123;NDG_REBOUND_PROVID;connected;routed;auto;auto;--;
SC2CFDZEUSR1-03;Vlan3124;NDG_REBOUND_PROVID;connected;routed;auto;auto;--;
SC2CFDZEUSR1-03;Vlan3125;NDG_REBOUND_PROVID;connected;routed;auto;auto;--;
SC2CFDZEUSR1-03;Vlan3126;NDG_REBOUND_PROVID;connected;routed;auto;auto;--;
SC2CFDZEUSR1-03;Vlan3127;NDG_REBOUND_PROVID;connected;routed;auto;auto;--;
SC2CFDZEUSR1-03;Vlan3128;NDG_REBOUND_PROVID;connected;routed;auto;auto;--;
SC2CFDZEUSR1-03;Vlan3129;NDG_REBOUND_PROVID;connected;routed;auto;auto;--;
SC2CFDZEUSR1-03;Vlan3130;NDG_REBOUND_PROVID;connected;routed;auto;auto;--;
SC2CFDZEUSR1-03;Vlan3131;NDG_REBOUND_PROVID;connected;routed;auto;auto;--;
SC2CFDZEUSR1-03;Vlan3132;NDG_REBOUND_PROVID;connected;routed;auto;auto;--;
SC2CFDZEUSR1-03;Vlan3803      <>;To_SC2ZEUSR1-02;connected;routed;auto;auto;--;
SC2CFDZEUSR1-03;Vlan3877;Lan_TSM_SHARED_SER;connected;routed;auto;auto;--;
SC2CFDZEUSR1-03;Vlan3903;<> To_SC2CFDZEUSR1 connected;routed;auto;auto;;--;
SC2CFDZEUSR2-04;mgmt0;--;connected;routed;full;a-1000;--;
SC2CFDZEUSR2-04;Eth1/1;FED_SC2-A2_Te0/;connected;routed;full;a-10G;10Gbase-SR;
SC2CFDZEUSR2-04;Eth1/1.1502;FED_ADMIN_SC2-A;connected;routed;full;a-10G;10Gbase-SR;
SC2CFDZEUSR2-04;Eth1/1.2491;FED_RVP_ETRALI_;connected;routed;full;a-10G;10Gbase-SR;
SC2CFDZEUSR2-04;Eth1/1.2502;FED_RVP_PRVSHAR;connected;routed;full;a-10G;10Gbase-SR;
SC2CFDZEUSR2-04;Eth1/1.3802;FED_PZEUS_SC2-A;connected;routed;full;a-10G;10Gbase-SR;
SC2CFDZEUSR2-04;Eth1/1.3902;FED_RVP_RUS_SC2;connected;routed;full;a-10G;10Gbase-SR;
SC2CFDZEUSR2-04;Eth1/2;<> DontActive_m disabled;trunk;auto;auto;;10Gbase-SR;
SC2CFDZEUSR2-04;Eth1/3;<> DontActive_m disabled;trunk;auto;auto;;10Gbase-SR;
SC2CFDZEUSR2-04;Eth1/4;--;sfpAbsent;routed;auto;auto;--;
SC2CFDZEUSR2-04;Eth1/5;--;sfpAbsent;routed;auto;auto;--;
SC2CFDZEUSR2-04;Eth1/6           <*>;SC2CLSZEUSR;connected;trunk;full;a-10G;10Gbase-SR;
SC2CFDZEUSR2-04;Eth1/7           <*>;SC2CLSZEUSR;connected;trunk;full;a-10G;10Gbase-SR;
SC2CFDZEUSR2-04;Eth1/8           <>;To_SC2ZEUSR1;connected;trunk;full;a-10G;10Gbase-SR;
SC2CFDZEUSR2-04;Eth1/9           <*>;SC2CLSZEUSR;connected;trunk;full;a-10G;10Gbase-SR;
SC2CFDZEUSR2-04;Eth1/10          <*>;SC2CLSZEUSR;connected;trunk;full;a-10G;10Gbase-SR;
SC2CFDZEUSR2-04;Eth1/11          <>;To_SC2ZEUSR1;connected;trunk;full;a-10G;10Gbase-SR;
SC2CFDZEUSR2-04;Eth1/12          RESERVER;RACCOR;notconnec;trunk;full;10G;10Gbase-SR;
SC2CFDZEUSR2-04;Eth1/13;RESERVER RACCOR sfpAbsent;routed;auto;auto;;--;
SC2CFDZEUSR2-04;Eth1/14;Sigma_IDS_SC2AS;connected;1;full;a-10G;10Gbase-SR;
SC2CFDZEUSR2-04;Eth1/15;Sigma_IDS_SC2AS;connected;1;full;a-10G;10Gbase-SR;
SC2CFDZEUSR2-04;Eth1/16;--;sfpAbsent;routed;auto;auto;--;
SC2CFDZEUSR2-04;Eth1/17;--;sfpAbsent;routed;auto;auto;--;
SC2CFDZEUSR2-04;Eth1/18;--;sfpAbsent;routed;auto;auto;--;
SC2CFDZEUSR2-04;Eth1/19;--;sfpAbsent;routed;auto;auto;--;
SC2CFDZEUSR2-04;Eth1/20;SC2BJV-ZEUS-SDX;connected;trunk;full;a-10G;10Gbase-SR;
SC2CFDZEUSR2-04;Eth1/21;SC2BJV-ZEUS-SDX;connected;trunk;full;a-10G;10Gbase-SR;
SC2CFDZEUSR2-04;Eth1/22;SC2BJV-ZEUS-SDX;connected;trunk;full;a-10G;10Gbase-SR;
SC2CFDZEUSR2-04;Eth1/23;SC2BJV-ZEUS-SDX;connected;trunk;full;a-10G;10Gbase-SR;
SC2CFDZEUSR2-04;Eth1/24;--;sfpAbsent;routed;auto;auto;--;
SC2CFDZEUSR2-04;Eth1/25;--;sfpAbsent;routed;auto;auto;--;
SC2CFDZEUSR2-04;Eth1/26;--;sfpAbsent;routed;auto;auto;--;
SC2CFDZEUSR2-04;Eth1/27;--;sfpAbsent;routed;auto;auto;--;
SC2CFDZEUSR2-04;Eth1/28;--;sfpAbsent;routed;auto;auto;--;
SC2CFDZEUSR2-04;Eth1/29;--;sfpAbsent;routed;auto;auto;--;
SC2CFDZEUSR2-04;Eth1/30;--;sfpAbsent;routed;auto;auto;--;
SC2CFDZEUSR2-04;Eth1/31;--;sfpAbsent;routed;auto;auto;--;
SC2CFDZEUSR2-04;Eth1/32;--;sfpAbsent;routed;auto;auto;--;
SC2CFDZEUSR2-04;Eth1/33;--;sfpAbsent;routed;auto;auto;--;
SC2CFDZEUSR2-04;Eth1/34          <*>;SC2CLK-TSM-;connected;trunk;full;a-10G;10Gbase-SR;
SC2CFDZEUSR2-04;Eth1/35;--;sfpAbsent;routed;auto;auto;--;
SC2CFDZEUSR2-04;Eth1/36;--;sfpAbsent;routed;auto;auto;--;
SC2CFDZEUSR2-04;Eth1/37;--;sfpAbsent;routed;auto;auto;--;
SC2CFDZEUSR2-04;Eth1/38;--;sfpAbsent;routed;auto;auto;--;
SC2CFDZEUSR2-04;Eth1/39;--;sfpAbsent;routed;auto;auto;--;
SC2CFDZEUSR2-04;Eth1/40;--;sfpAbsent;routed;auto;auto;--;
SC2CFDZEUSR2-04;Eth1/41;--;sfpAbsent;routed;auto;auto;--;
SC2CFDZEUSR2-04;Eth1/42;--;sfpAbsent;routed;auto;auto;--;
SC2CFDZEUSR2-04;Eth1/43;--;sfpAbsent;routed;auto;auto;--;
SC2CFDZEUSR2-04;Eth1/44;--;sfpAbsent;routed;auto;auto;--;
SC2CFDZEUSR2-04;Eth1/45;--;sfpAbsent;routed;auto;auto;--;
SC2CFDZEUSR2-04;Eth1/46;--;sfpAbsent;routed;auto;auto;--;
SC2CFDZEUSR2-04;Eth1/47;--;sfpAbsent;routed;auto;auto;--;
SC2CFDZEUSR2-04;Eth1/48;--;sfpAbsent;routed;auto;auto;--;
SC2CFDZEUSR2-04;Eth5/1           <*>;SC2CFDZEUSR;connected;trunk;full;40G;QSFP+ BiDi;
SC2CFDZEUSR2-04;Eth5/2;--;disabled;routed;auto;auto;QSFP+ BiDi;
SC2CFDZEUSR2-04;Eth5/3;--;xcvrAbsen;routed;auto;auto;--;
SC2CFDZEUSR2-04;Eth5/4;--;xcvrAbsen;routed;auto;auto;--;
SC2CFDZEUSR2-04;Eth5/5;--;xcvrAbsen;routed;auto;auto;--;
SC2CFDZEUSR2-04;Eth5/6;--;xcvrAbsen;routed;auto;auto;--;
SC2CFDZEUSR2-04;Eth5/7;--;xcvrAbsen;routed;auto;auto;--;
SC2CFDZEUSR2-04;Eth5/8;--;xcvrAbsen;routed;auto;auto;--;
SC2CFDZEUSR2-04;Eth5/9;--;xcvrAbsen;routed;auto;auto;--;
SC2CFDZEUSR2-04;Eth5/10;--;xcvrAbsen;routed;auto;auto;--;
SC2CFDZEUSR2-04;Eth5/11;--;xcvrAbsen;routed;auto;auto;--;
SC2CFDZEUSR2-04;Eth5/12;--;xcvrAbsen;routed;auto;auto;--;
SC2CFDZEUSR2-04;Eth5/13;--;xcvrAbsen;routed;auto;auto;--;
SC2CFDZEUSR2-04;Eth5/14;--;xcvrAbsen;routed;auto;auto;--;
SC2CFDZEUSR2-04;Eth5/15;--;xcvrAbsen;routed;auto;auto;--;
SC2CFDZEUSR2-04;Eth5/16;--;xcvrAbsen;routed;auto;auto;--;
SC2CFDZEUSR2-04;Eth5/17;--;xcvrAbsen;routed;auto;auto;--;
SC2CFDZEUSR2-04;Eth5/18;--;xcvrAbsen;routed;auto;auto;--;
SC2CFDZEUSR2-04;Eth5/19;--;xcvrAbsen;routed;auto;auto;--;
SC2CFDZEUSR2-04;Eth5/20;--;xcvrAbsen;routed;auto;auto;--;
SC2CFDZEUSR2-04;Eth5/21;--;xcvrAbsen;routed;auto;auto;--;
SC2CFDZEUSR2-04;Eth5/22;--;xcvrAbsen;routed;auto;auto;--;
SC2CFDZEUSR2-04;Eth5/23          <*>;SC2CLSZEUSR;connected;trunk;full;40G;QSFP+ BiDi;
SC2CFDZEUSR2-04;Eth5/24          <*>;SC2CLSZEUSR;connected;trunk;full;40G;QSFP+ BiDi;
SC2CFDZEUSR2-04;Eth6/1           <>;SC2CFDZEUSR1;connected;trunk;full;40G;QSFP+ BiDi;
SC2CFDZEUSR2-04;Eth6/2;--;disabled;routed;auto;auto;QSFP+ BiDi;
SC2CFDZEUSR2-04;Eth6/3;--;xcvrAbsen;routed;auto;auto;--;
SC2CFDZEUSR2-04;Eth6/4;--;xcvrAbsen;routed;auto;auto;--;
SC2CFDZEUSR2-04;Eth6/5;--;xcvrAbsen;routed;auto;auto;--;
SC2CFDZEUSR2-04;Eth6/6;--;xcvrAbsen;routed;auto;auto;--;
SC2CFDZEUSR2-04;Eth6/7;--;xcvrAbsen;routed;auto;auto;--;
SC2CFDZEUSR2-04;Eth6/8;--;xcvrAbsen;routed;auto;auto;--;
SC2CFDZEUSR2-04;Eth6/9;--;xcvrAbsen;routed;auto;auto;--;
SC2CFDZEUSR2-04;Eth6/10;--;xcvrAbsen;routed;auto;auto;--;
SC2CFDZEUSR2-04;Eth6/11;--;xcvrAbsen;routed;auto;auto;--;
SC2CFDZEUSR2-04;Eth6/12;--;xcvrAbsen;routed;auto;auto;--;
SC2CFDZEUSR2-04;Eth6/13;--;xcvrAbsen;routed;auto;auto;--;
SC2CFDZEUSR2-04;Eth6/14;--;xcvrAbsen;routed;auto;auto;--;
SC2CFDZEUSR2-04;Eth6/15;--;xcvrAbsen;routed;auto;auto;--;
SC2CFDZEUSR2-04;Eth6/16;--;xcvrAbsen;routed;auto;auto;--;
SC2CFDZEUSR2-04;Eth6/17;--;xcvrAbsen;routed;auto;auto;--;
SC2CFDZEUSR2-04;Eth6/18;--;xcvrAbsen;routed;auto;auto;--;
SC2CFDZEUSR2-04;Eth6/19;--;xcvrAbsen;routed;auto;auto;--;
SC2CFDZEUSR2-04;Eth6/20;--;xcvrAbsen;routed;auto;auto;--;
SC2CFDZEUSR2-04;Eth6/21;--;xcvrAbsen;routed;auto;auto;--;
SC2CFDZEUSR2-04;Eth6/22;--;xcvrAbsen;routed;auto;auto;--;
SC2CFDZEUSR2-04;Eth6/23;--;disabled;routed;auto;auto;QSFP+ BiDi;
SC2CFDZEUSR2-04;Eth6/24;--;disabled;routed;auto;auto;QSFP+ BiDi;
SC2CFDZEUSR2-04;Po10;<> DontActive_m disabled;trunk;auto;auto;;--;
SC2CFDZEUSR2-04;Po11             <>;SC2CFDZEUSR1;connected;trunk;full;40G;--;
SC2CFDZEUSR2-04;Po70;SC2BJV-ZEUS-SDX;connected;trunk;full;a-10G;--;
SC2CFDZEUSR2-04;Po71;SC2BJV-ZEUS-SDX;connected;trunk;full;a-10G;--;
SC2CFDZEUSR2-04;Po81;Sigma_IDS_SC2AS;connected;1;full;a-10G;--;
SC2CFDZEUSR2-04;Po4087           <*>;SC2CLSZEUSR;connected;trunk;full;40G;--;
SC2CFDZEUSR2-04;Po4088           <>;To_SC2ZEUSR1;connected;trunk;full;a-10G;--;
SC2CFDZEUSR2-04;Po4089;--;noOperMem;routed;auto;auto;--;
SC2CFDZEUSR2-04;Po4090;--;noOperMem;routed;auto;auto;--;
SC2CFDZEUSR2-04;Po4091           <>;To_SC2ZEUSR1;connected;trunk;full;a-10G;--;
SC2CFDZEUSR2-04;Po4092;--;noOperMem;routed;auto;auto;--;
SC2CFDZEUSR2-04;Po4093           <*>;SC2CLSZEUSR;connected;trunk;full;a-10G;--;
SC2CFDZEUSR2-04;Po4094;--;noOperMem;routed;auto;auto;--;
SC2CFDZEUSR2-04;Po4095           <*>;SC2CLSZEUSR;connected;trunk;full;a-10G;--;
SC2CFDZEUSR2-04;Lo29;management_RVP_;connected;routed;auto;auto;--;
SC2CFDZEUSR2-04;Lo53;--;connected;routed;auto;auto;--;
SC2CFDZEUSR2-04;Vlan1;--;down;routed;auto;auto;--;
SC2CFDZEUSR2-04;Vlan10;--;connected;routed;auto;auto;--;
SC2CFDZEUSR2-04;Vlan11;--;connected;routed;auto;auto;--;
SC2CFDZEUSR2-04;Vlan12;--;connected;routed;auto;auto;--;
SC2CFDZEUSR2-04;Vlan15;--;connected;routed;auto;auto;--;
SC2CFDZEUSR2-04;Vlan16;--;connected;routed;auto;auto;--;
SC2CFDZEUSR2-04;Vlan17;--;connected;routed;auto;auto;--;
SC2CFDZEUSR2-04;Vlan18;--;connected;routed;auto;auto;--;
SC2CFDZEUSR2-04;Vlan19;--;connected;routed;auto;auto;--;
SC2CFDZEUSR2-04;Vlan20;ADMIN_NAS_SC2;connected;routed;auto;auto;--;
SC2CFDZEUSR2-04;Vlan24;IPT-SRV;connected;routed;auto;auto;--;
SC2CFDZEUSR2-04;Vlan55;SIPO-PHYSIQUE-BACK;connected;routed;auto;auto;--;
SC2CFDZEUSR2-04;Vlan1200;PZEUS_INTERCO_LB;connected;routed;auto;auto;--;
SC2CFDZEUSR2-04;Vlan1201;NS_INTERCO_HOMO;connected;routed;auto;auto;--;
SC2CFDZEUSR2-04;Vlan1202;CFD_NS_DISPATCH_PR;connected;routed;auto;auto;--;
SC2CFDZEUSR2-04;Vlan1500;NOOBA_Admin_IB_SC2;connected;routed;auto;auto;--;
SC2CFDZEUSR2-04;Vlan1820;GW_SBC_DC2;connected;routed;auto;auto;--;
SC2CFDZEUSR2-04;Vlan2492      <>;SC2CFDZEUSR2-04;connected;routed;auto;auto;--;
SC2CFDZEUSR2-04;Vlan2503;PRVSHAREDSERVICES_;connected;routed;auto;auto;--;
SC2CFDZEUSR2-04;Vlan3001;OUTSOURCING_SERVIC;connected;routed;auto;auto;--;
SC2CFDZEUSR2-04;Vlan3002;OUTSOURCING_SERVIC;connected;routed;auto;auto;--;
SC2CFDZEUSR2-04;Vlan3003;OUTSOURCING_SERVIC;connected;routed;auto;auto;--;
SC2CFDZEUSR2-04;Vlan3004;OUTSOURCING_SERVIC;connected;routed;auto;auto;--;
SC2CFDZEUSR2-04;Vlan3005;OUTSOURCING_SERVIC;connected;routed;auto;auto;--;
SC2CFDZEUSR2-04;Vlan3006;OUTSOURCING_SERVIC;connected;routed;auto;auto;--;
SC2CFDZEUSR2-04;Vlan3007;OUTSOURCING_SERVIC;connected;routed;auto;auto;--;
SC2CFDZEUSR2-04;Vlan3008;OUTSOURCING_SERVIC;connected;routed;auto;auto;--;
SC2CFDZEUSR2-04;Vlan3009;OUTSOURCING_SERVIC;connected;routed;auto;auto;--;
SC2CFDZEUSR2-04;Vlan3010;OUTSOURCING_SERVIC;connected;routed;auto;auto;--;
SC2CFDZEUSR2-04;Vlan3011;OUTSOURCING_SERVIC;connected;routed;auto;auto;--;
SC2CFDZEUSR2-04;Vlan3012;OUTSOURCING_SERVIC;connected;routed;auto;auto;--;
SC2CFDZEUSR2-04;Vlan3013;OUTSOURCING_SERVIC;connected;routed;auto;auto;--;
SC2CFDZEUSR2-04;Vlan3014;OUTSOURCING_SERVIC;connected;routed;auto;auto;--;
SC2CFDZEUSR2-04;Vlan3015;OUTSOURCING_SERVIC;connected;routed;auto;auto;--;
SC2CFDZEUSR2-04;Vlan3016;OUTSOURCING_SERVIC;connected;routed;auto;auto;--;
SC2CFDZEUSR2-04;Vlan3017;OUTSOURCING_SERVIC;connected;routed;auto;auto;--;
SC2CFDZEUSR2-04;Vlan3018;OUTSOURCING_SERVIC;connected;routed;auto;auto;--;
SC2CFDZEUSR2-04;Vlan3019;OUTSOURCING_SERVIC;connected;routed;auto;auto;--;
SC2CFDZEUSR2-04;Vlan3020;OUTSOURCING_SERVIC;connected;routed;auto;auto;--;
SC2CFDZEUSR2-04;Vlan3021;OUTSOURCING_SERVIC;connected;routed;auto;auto;--;
SC2CFDZEUSR2-04;Vlan3022;OUTSOURCING_SERVIC;connected;routed;auto;auto;--;
SC2CFDZEUSR2-04;Vlan3023;OUTSOURCING_SERVIC;connected;routed;auto;auto;--;
SC2CFDZEUSR2-04;Vlan3024;OUTSOURCING_SERVIC;connected;routed;auto;auto;--;
SC2CFDZEUSR2-04;Vlan3025;OUTSOURCING_SERVIC;connected;routed;auto;auto;--;
SC2CFDZEUSR2-04;Vlan3026;OUTSOURCING_SERVIC;connected;routed;auto;auto;--;
SC2CFDZEUSR2-04;Vlan3027;OUTSOURCING_SERVIC;connected;routed;auto;auto;--;
SC2CFDZEUSR2-04;Vlan3028;OUTSOURCING_SERVIC;connected;routed;auto;auto;--;
SC2CFDZEUSR2-04;Vlan3029;OUTSOURCING_SERVIC;connected;routed;auto;auto;--;
SC2CFDZEUSR2-04;Vlan3030;OUTSOURCING_SERVIC;connected;routed;auto;auto;--;
SC2CFDZEUSR2-04;Vlan3031;OUTSOURCING_SERVIC;connected;routed;auto;auto;--;
SC2CFDZEUSR2-04;Vlan3032;OUTSOURCING_SERVIC;connected;routed;auto;auto;--;
SC2CFDZEUSR2-04;Vlan3101;--;connected;routed;auto;auto;--;
SC2CFDZEUSR2-04;Vlan3102;--;connected;routed;auto;auto;--;
SC2CFDZEUSR2-04;Vlan3103;NDG_REBOUND_PROVID;connected;routed;auto;auto;--;
SC2CFDZEUSR2-04;Vlan3104;NDG_REBOUND_PROVID;connected;routed;auto;auto;--;
SC2CFDZEUSR2-04;Vlan3105;NDG_REBOUND_PROVID;connected;routed;auto;auto;--;
SC2CFDZEUSR2-04;Vlan3106;NDG_REBOUND_PROVID;connected;routed;auto;auto;--;
SC2CFDZEUSR2-04;Vlan3107;NDG_REBOUND_PROVID;connected;routed;auto;auto;--;
SC2CFDZEUSR2-04;Vlan3108;NDG_REBOUND_PROVID;connected;routed;auto;auto;--;
SC2CFDZEUSR2-04;Vlan3109;NDG_REBOUND_PROVID;connected;routed;auto;auto;--;
SC2CFDZEUSR2-04;Vlan3110;NDG_REBOUND_PROVID;connected;routed;auto;auto;--;
SC2CFDZEUSR2-04;Vlan3111;NDG_REBOUND_PROVID;connected;routed;auto;auto;--;
SC2CFDZEUSR2-04;Vlan3112;NDG_REBOUND_PROVID;connected;routed;auto;auto;--;
SC2CFDZEUSR2-04;Vlan3113;NDG_REBOUND_PROVID;connected;routed;auto;auto;--;
SC2CFDZEUSR2-04;Vlan3114;NDG_REBOUND_PROVID;connected;routed;auto;auto;--;
SC2CFDZEUSR2-04;Vlan3115;NDG_REBOUND_PROVID;connected;routed;auto;auto;--;
SC2CFDZEUSR2-04;Vlan3116;NDG_REBOUND_PROVID;connected;routed;auto;auto;--;
SC2CFDZEUSR2-04;Vlan3117;NDG_REBOUND_PROVID;connected;routed;auto;auto;--;
SC2CFDZEUSR2-04;Vlan3118;NDG_REBOUND_PROVID;connected;routed;auto;auto;--;
SC2CFDZEUSR2-04;Vlan3119;NDG_REBOUND_PROVID;connected;routed;auto;auto;--;
SC2CFDZEUSR2-04;Vlan3120;NDG_REBOUND_PROVID;connected;routed;auto;auto;--;
SC2CFDZEUSR2-04;Vlan3121;NDG_REBOUND_PROVID;connected;routed;auto;auto;--;
SC2CFDZEUSR2-04;Vlan3122;NDG_REBOUND_PROVID;connected;routed;auto;auto;--;
SC2CFDZEUSR2-04;Vlan3123;NDG_REBOUND_PROVID;connected;routed;auto;auto;--;
SC2CFDZEUSR2-04;Vlan3124;NDG_REBOUND_PROVID;connected;routed;auto;auto;--;
SC2CFDZEUSR2-04;Vlan3125;NDG_REBOUND_PROVID;connected;routed;auto;auto;--;
SC2CFDZEUSR2-04;Vlan3126;NDG_REBOUND_PROVID;connected;routed;auto;auto;--;
SC2CFDZEUSR2-04;Vlan3127;NDG_REBOUND_PROVID;connected;routed;auto;auto;--;
SC2CFDZEUSR2-04;Vlan3128;NDG_REBOUND_PROVID;connected;routed;auto;auto;--;
SC2CFDZEUSR2-04;Vlan3129;NDG_REBOUND_PROVID;connected;routed;auto;auto;--;
SC2CFDZEUSR2-04;Vlan3130;NDG_REBOUND_PROVID;connected;routed;auto;auto;--;
SC2CFDZEUSR2-04;Vlan3131;NDG_REBOUND_PROVID;connected;routed;auto;auto;--;
SC2CFDZEUSR2-04;Vlan3132;NDG_REBOUND_PROVID;connected;routed;auto;auto;--;
SC2CFDZEUSR2-04;Vlan3803      <>;To_SC2ZEUSR1-02;connected;routed;auto;auto;--;
SC2CFDZEUSR2-04;Vlan3877;Lan_TSM_SHARED_SER;connected;routed;auto;auto;--;
SC2CFDZEUSR2-04;Vlan3903;<> To_SC2CFDZEUSR1 connected;routed;auto;auto;;--;
SC2CFDZEUSR2-04;;;;;;;;
