hostname;INTERFACE;RELAY_ADDRESS;
AQUICFDZEUSR1-01;Vlan10;191.254.46.226;
AQUICFDZEUSR1-01;Vlan10;184.2.20.116;
AQUICFDZEUSR1-01;Vlan15;184.6.20.20;
AQUICFDZEUSR1-01;Vlan15;184.2.37.45;
AQUICFDZEUSR1-01;Vlan15;184.0.241.85;
AQUICFDZEUSR1-01;Vlan15;184.2.37.85;
AQUICFDZEUSR1-01;Vlan16;175.128.200.97;
AQUICFDZEUSR1-01;Vlan16;175.128.73.135;
AQUICFDZEUSR1-01;Vlan16;184.12.17.122;
AQUICFDZEUSR1-01;Vlan17;175.128.200.97;
AQUICFDZEUSR1-01;Vlan17;175.128.73.135;
AQUICFDZEUSR1-01;Vlan18;175.128.200.97;
AQUICFDZEUSR1-01;Vlan18;175.128.73.135;
AQUICFDZEUSR1-01;Vlan19;175.128.200.97;
AQUICFDZEUSR1-01;Vlan19;175.128.73.135;
AQUICFDZEUSR1-01;Vlan30;175.128.200.97;
AQUICFDZEUSR1-01;Vlan30;175.128.73.135;
AQUICFDZEUSR1-01;Vlan30;184.12.17.122;
AQUICFDZEUSR1-01;Vlan3001;175.128.200.97;
AQUICFDZEUSR1-01;Vlan3001;175.128.73.135;
AQUICFDZEUSR1-01;Vlan3002;175.128.200.97;
AQUICFDZEUSR1-01;Vlan3002;175.128.73.135;
AQUICFDZEUSR1-01;Vlan3003;175.128.200.97;
AQUICFDZEUSR1-01;Vlan3003;175.128.73.135;
AQUICFDZEUSR1-01;Vlan3004;175.128.200.97;
AQUICFDZEUSR1-01;Vlan3004;175.128.73.135;
AQUICFDZEUSR1-01;Vlan3005;175.128.200.97;
AQUICFDZEUSR1-01;Vlan3005;175.128.73.135;
AQUICFDZEUSR1-01;Vlan3006;175.128.200.97;
AQUICFDZEUSR1-01;Vlan3006;175.128.73.135;
AQUICFDZEUSR1-01;Vlan3007;175.128.200.97;
AQUICFDZEUSR1-01;Vlan3007;175.128.73.135;
AQUICFDZEUSR1-01;Vlan3008;175.128.200.97;
AQUICFDZEUSR1-01;Vlan3008;175.128.73.135;
AQUICFDZEUSR1-01;Vlan3009;175.128.200.97;
AQUICFDZEUSR1-01;Vlan3009;175.128.73.135;
AQUICFDZEUSR1-01;Vlan3010;175.128.200.97;
AQUICFDZEUSR1-01;Vlan3010;175.128.73.135;
AQUICFDZEUSR1-01;Vlan3011;175.128.200.97;
AQUICFDZEUSR1-01;Vlan3011;175.128.73.135;
AQUICFDZEUSR1-01;Vlan3012;175.128.200.97;
AQUICFDZEUSR1-01;Vlan3012;175.128.73.135;
AQUICFDZEUSR1-01;Vlan3013;175.128.200.97;
AQUICFDZEUSR1-01;Vlan3013;175.128.73.135;
AQUICFDZEUSR1-01;Vlan3014;175.128.200.97;
AQUICFDZEUSR1-01;Vlan3014;175.128.73.135;
AQUICFDZEUSR1-01;Vlan3015;175.128.200.97;
AQUICFDZEUSR1-01;Vlan3015;175.128.73.135;
AQUICFDZEUSR1-01;Vlan3016;175.128.200.97;
AQUICFDZEUSR1-01;Vlan3016;175.128.73.135;
AQUICFDZEUSR1-01;Vlan3016;184.12.17.122;
AQUICFDZEUSR1-01;Vlan3017;175.128.200.97;
AQUICFDZEUSR1-01;Vlan3017;175.128.73.135;
AQUICFDZEUSR1-01;Vlan3018;175.128.200.97;
AQUICFDZEUSR1-01;Vlan3018;175.128.73.135;
AQUICFDZEUSR1-01;Vlan3019;175.128.200.97;
AQUICFDZEUSR1-01;Vlan3019;175.128.73.135;
AQUICFDZEUSR1-01;Vlan3020;175.128.200.97;
AQUICFDZEUSR1-01;Vlan3020;175.128.73.135;
AQUICFDZEUSR1-01;Vlan3021;175.128.200.97;
AQUICFDZEUSR1-01;Vlan3021;175.128.73.135;
AQUICFDZEUSR1-01;Vlan3022;175.128.200.97;
AQUICFDZEUSR1-01;Vlan3022;175.128.73.135;
AQUICFDZEUSR1-01;Vlan3023;175.128.200.97;
AQUICFDZEUSR1-01;Vlan3023;175.128.73.135;
AQUICFDZEUSR1-01;Vlan3024;175.128.200.97;
AQUICFDZEUSR1-01;Vlan3024;175.128.73.135;
AQUICFDZEUSR1-01;Vlan3025;175.128.200.97;
AQUICFDZEUSR1-01;Vlan3025;175.128.73.135;
AQUICFDZEUSR1-01;Vlan3026;175.128.200.97;
AQUICFDZEUSR1-01;Vlan3026;175.128.73.135;
AQUICFDZEUSR1-01;Vlan3027;175.128.200.97;
AQUICFDZEUSR1-01;Vlan3027;175.128.73.135;
AQUICFDZEUSR1-01;Vlan3028;175.128.200.97;
AQUICFDZEUSR1-01;Vlan3028;175.128.73.135;
AQUICFDZEUSR1-01;Vlan3029;184.6.20.20;
AQUICFDZEUSR1-01;Vlan3029;184.2.37.45;
AQUICFDZEUSR1-01;Vlan3029;175.128.200.97;
AQUICFDZEUSR1-01;Vlan3029;175.128.73.135;
AQUICFDZEUSR1-01;Vlan3030;175.128.200.97;
AQUICFDZEUSR1-01;Vlan3030;175.128.73.135;
AQUICFDZEUSR1-01;Vlan3031;175.128.200.97;
AQUICFDZEUSR1-01;Vlan3031;175.128.73.135;
AQUICFDZEUSR1-01;Vlan3032;184.6.20.20;
AQUICFDZEUSR1-01;Vlan3032;184.2.37.45;
AQUICFDZEUSR1-01;Vlan3032;175.128.200.97;
AQUICFDZEUSR1-01;Vlan3032;175.128.73.135;
AQUICFDZEUSR1-01;Vlan3033;175.128.200.97;
AQUICFDZEUSR1-01;Vlan3033;175.128.73.135;
AQUICFDZEUSR1-01;Vlan3034;175.128.200.97;
AQUICFDZEUSR1-01;Vlan3034;175.128.73.135;
AQUICFDZEUSR1-01;Vlan3035;175.128.200.97;
AQUICFDZEUSR1-01;Vlan3035;175.128.73.135;
AQUICFDZEUSR1-01;Vlan3036;175.128.200.97;
AQUICFDZEUSR1-01;Vlan3036;175.128.73.135;
AQUICFDZEUSR1-01;Vlan3037;175.128.200.97;
AQUICFDZEUSR1-01;Vlan3037;175.128.73.135;
AQUICFDZEUSR1-01;Vlan3038;175.128.200.97;
AQUICFDZEUSR1-01;Vlan3038;175.128.73.135;
AQUICFDZEUSR1-01;Vlan3039;175.128.200.97;
AQUICFDZEUSR1-01;Vlan3039;175.128.73.135;
AQUICFDZEUSR1-01;Vlan3040;175.128.200.97;
AQUICFDZEUSR1-01;Vlan3040;175.128.73.135;
AQUICFDZEUSR1-01;Vlan3041;175.128.200.97;
AQUICFDZEUSR1-01;Vlan3041;175.128.73.135;
AQUICFDZEUSR1-01;Vlan3042;175.128.200.97;
AQUICFDZEUSR1-01;Vlan3042;175.128.73.135;
AQUICFDZEUSR1-01;Vlan3043;175.128.200.97;
AQUICFDZEUSR1-01;Vlan3043;175.128.73.135;
AQUICFDZEUSR1-01;Vlan3044;175.128.200.97;
AQUICFDZEUSR1-01;Vlan3044;175.128.73.135;
AQUICFDZEUSR1-01;Vlan3045;175.128.200.97;
AQUICFDZEUSR1-01;Vlan3045;175.128.73.135;
AQUICFDZEUSR1-01;Vlan3046;175.128.200.97;
AQUICFDZEUSR1-01;Vlan3046;175.128.73.135;
AQUICFDZEUSR1-01;Vlan3047;175.128.200.97;
AQUICFDZEUSR1-01;Vlan3047;175.128.73.135;
AQUICFDZEUSR1-01;Vlan3048;175.128.200.97;
AQUICFDZEUSR1-01;Vlan3048;175.128.73.135;
AQUICFDZEUSR1-01;Vlan3101;175.128.200.97;
AQUICFDZEUSR1-01;Vlan3101;175.128.73.135;
AQUICFDZEUSR1-01;Vlan3102;175.128.200.97;
AQUICFDZEUSR1-01;Vlan3102;175.128.73.135;
AQUICFDZEUSR1-01;Vlan3103;175.128.200.97;
AQUICFDZEUSR1-01;Vlan3103;175.128.73.135;
AQUICFDZEUSR1-01;Vlan3104;175.128.200.97;
AQUICFDZEUSR1-01;Vlan3104;175.128.73.135;
AQUICFDZEUSR1-01;Vlan3105;175.128.200.97;
AQUICFDZEUSR1-01;Vlan3105;175.128.73.135;
AQUICFDZEUSR1-01;Vlan3106;175.128.200.97;
AQUICFDZEUSR1-01;Vlan3106;175.128.73.135;
AQUICFDZEUSR1-01;Vlan3107;175.128.200.97;
AQUICFDZEUSR1-01;Vlan3107;175.128.73.135;
AQUICFDZEUSR1-01;Vlan3108;175.128.200.97;
AQUICFDZEUSR1-01;Vlan3108;175.128.73.135;
AQUICFDZEUSR1-01;Vlan3109;175.128.200.97;
AQUICFDZEUSR1-01;Vlan3109;175.128.73.135;
AQUICFDZEUSR1-01;Vlan3110;175.128.200.97;
AQUICFDZEUSR1-01;Vlan3110;175.128.73.135;
AQUICFDZEUSR1-01;Vlan3111;175.128.200.97;
AQUICFDZEUSR1-01;Vlan3111;175.128.73.135;
AQUICFDZEUSR1-01;Vlan3112;175.128.200.97;
AQUICFDZEUSR1-01;Vlan3112;175.128.73.135;
AQUICFDZEUSR1-01;Vlan3113;175.128.200.97;
AQUICFDZEUSR1-01;Vlan3113;175.128.73.135;
AQUICFDZEUSR1-01;Vlan3114;175.128.200.97;
AQUICFDZEUSR1-01;Vlan3114;175.128.73.135;
AQUICFDZEUSR1-01;Vlan3115;175.128.200.97;
AQUICFDZEUSR1-01;Vlan3115;175.128.73.135;
AQUICFDZEUSR1-01;Vlan3116;175.128.200.97;
AQUICFDZEUSR1-01;Vlan3116;175.128.73.135;
AQUICFDZEUSR1-01;Vlan3117;175.128.200.97;
AQUICFDZEUSR1-01;Vlan3117;175.128.73.135;
AQUICFDZEUSR1-01;Vlan3118;175.128.200.97;
AQUICFDZEUSR1-01;Vlan3118;175.128.73.135;
AQUICFDZEUSR1-01;Vlan3119;175.128.200.97;
AQUICFDZEUSR1-01;Vlan3119;175.128.73.135;
AQUICFDZEUSR1-01;Vlan3120;175.128.200.97;
AQUICFDZEUSR1-01;Vlan3120;175.128.73.135;
AQUICFDZEUSR1-01;Vlan3121;175.128.200.97;
AQUICFDZEUSR1-01;Vlan3121;175.128.73.135;
AQUICFDZEUSR1-01;Vlan3122;175.128.200.97;
AQUICFDZEUSR1-01;Vlan3122;175.128.73.135;
AQUICFDZEUSR1-01;Vlan3123;175.128.200.97;
AQUICFDZEUSR1-01;Vlan3123;175.128.73.135;
AQUICFDZEUSR1-01;Vlan3124;175.128.200.97;
AQUICFDZEUSR1-01;Vlan3124;175.128.73.135;
AQUICFDZEUSR1-01;Vlan3125;175.128.200.97;
AQUICFDZEUSR1-01;Vlan3125;175.128.73.135;
AQUICFDZEUSR1-01;Vlan3126;175.128.200.97;
AQUICFDZEUSR1-01;Vlan3126;175.128.73.135;
AQUICFDZEUSR1-01;Vlan3127;175.128.200.97;
AQUICFDZEUSR1-01;Vlan3127;175.128.73.135;
AQUICFDZEUSR1-01;Vlan3128;175.128.200.97;
AQUICFDZEUSR1-01;Vlan3128;175.128.73.135;
AQUICFDZEUSR1-01;Vlan3129;175.128.200.97;
AQUICFDZEUSR1-01;Vlan3129;175.128.73.135;
AQUICFDZEUSR1-01;Vlan3130;175.128.200.97;
AQUICFDZEUSR1-01;Vlan3130;175.128.73.135;
AQUICFDZEUSR1-01;Vlan3131;175.128.200.97;
AQUICFDZEUSR1-01;Vlan3131;175.128.73.135;
AQUICFDZEUSR1-01;Vlan3132;175.128.200.97;
AQUICFDZEUSR1-01;Vlan3132;175.128.73.135;
AQUICFDZEUSR1-02;Vlan10;191.254.46.226;
AQUICFDZEUSR1-02;Vlan10;184.2.20.116;
AQUICFDZEUSR1-02;Vlan15;184.6.20.20;
AQUICFDZEUSR1-02;Vlan15;184.2.37.45;
AQUICFDZEUSR1-02;Vlan15;184.0.241.85;
AQUICFDZEUSR1-02;Vlan15;184.2.37.85;
AQUICFDZEUSR1-02;Vlan16;175.128.200.97;
AQUICFDZEUSR1-02;Vlan16;175.128.73.135;
AQUICFDZEUSR1-02;Vlan16;184.12.17.122;
AQUICFDZEUSR1-02;Vlan17;175.128.200.97;
AQUICFDZEUSR1-02;Vlan17;175.128.73.135;
AQUICFDZEUSR1-02;Vlan18;175.128.200.97;
AQUICFDZEUSR1-02;Vlan18;175.128.73.135;
AQUICFDZEUSR1-02;Vlan19;175.128.200.97;
AQUICFDZEUSR1-02;Vlan19;175.128.73.135;
AQUICFDZEUSR1-02;Vlan30;175.128.200.97;
AQUICFDZEUSR1-02;Vlan30;175.128.73.135;
AQUICFDZEUSR1-02;Vlan30;184.12.17.122;
AQUICFDZEUSR1-02;Vlan3001;175.128.200.97;
AQUICFDZEUSR1-02;Vlan3001;175.128.73.135;
AQUICFDZEUSR1-02;Vlan3002;175.128.200.97;
AQUICFDZEUSR1-02;Vlan3002;175.128.73.135;
AQUICFDZEUSR1-02;Vlan3003;175.128.200.97;
AQUICFDZEUSR1-02;Vlan3003;175.128.73.135;
AQUICFDZEUSR1-02;Vlan3004;175.128.200.97;
AQUICFDZEUSR1-02;Vlan3004;175.128.73.135;
AQUICFDZEUSR1-02;Vlan3005;175.128.200.97;
AQUICFDZEUSR1-02;Vlan3005;175.128.73.135;
AQUICFDZEUSR1-02;Vlan3006;175.128.200.97;
AQUICFDZEUSR1-02;Vlan3006;175.128.73.135;
AQUICFDZEUSR1-02;Vlan3007;175.128.200.97;
AQUICFDZEUSR1-02;Vlan3007;175.128.73.135;
AQUICFDZEUSR1-02;Vlan3008;175.128.200.97;
AQUICFDZEUSR1-02;Vlan3008;175.128.73.135;
AQUICFDZEUSR1-02;Vlan3009;175.128.200.97;
AQUICFDZEUSR1-02;Vlan3009;175.128.73.135;
AQUICFDZEUSR1-02;Vlan3010;175.128.200.97;
AQUICFDZEUSR1-02;Vlan3010;175.128.73.135;
AQUICFDZEUSR1-02;Vlan3011;175.128.200.97;
AQUICFDZEUSR1-02;Vlan3011;175.128.73.135;
AQUICFDZEUSR1-02;Vlan3012;175.128.200.97;
AQUICFDZEUSR1-02;Vlan3012;175.128.73.135;
AQUICFDZEUSR1-02;Vlan3013;175.128.200.97;
AQUICFDZEUSR1-02;Vlan3013;175.128.73.135;
AQUICFDZEUSR1-02;Vlan3014;175.128.200.97;
AQUICFDZEUSR1-02;Vlan3014;175.128.73.135;
AQUICFDZEUSR1-02;Vlan3015;175.128.200.97;
AQUICFDZEUSR1-02;Vlan3015;175.128.73.135;
AQUICFDZEUSR1-02;Vlan3016;175.128.200.97;
AQUICFDZEUSR1-02;Vlan3016;175.128.73.135;
AQUICFDZEUSR1-02;Vlan3016;184.12.17.122;
AQUICFDZEUSR1-02;Vlan3017;175.128.200.97;
AQUICFDZEUSR1-02;Vlan3017;175.128.73.135;
AQUICFDZEUSR1-02;Vlan3018;175.128.200.97;
AQUICFDZEUSR1-02;Vlan3018;175.128.73.135;
AQUICFDZEUSR1-02;Vlan3019;175.128.200.97;
AQUICFDZEUSR1-02;Vlan3019;175.128.73.135;
AQUICFDZEUSR1-02;Vlan3020;175.128.200.97;
AQUICFDZEUSR1-02;Vlan3020;175.128.73.135;
AQUICFDZEUSR1-02;Vlan3021;175.128.200.97;
AQUICFDZEUSR1-02;Vlan3021;175.128.73.135;
AQUICFDZEUSR1-02;Vlan3022;175.128.200.97;
AQUICFDZEUSR1-02;Vlan3022;175.128.73.135;
AQUICFDZEUSR1-02;Vlan3023;175.128.200.97;
AQUICFDZEUSR1-02;Vlan3023;175.128.73.135;
AQUICFDZEUSR1-02;Vlan3024;175.128.200.97;
AQUICFDZEUSR1-02;Vlan3024;175.128.73.135;
AQUICFDZEUSR1-02;Vlan3025;175.128.200.97;
AQUICFDZEUSR1-02;Vlan3025;175.128.73.135;
AQUICFDZEUSR1-02;Vlan3026;175.128.200.97;
AQUICFDZEUSR1-02;Vlan3026;175.128.73.135;
AQUICFDZEUSR1-02;Vlan3027;175.128.200.97;
AQUICFDZEUSR1-02;Vlan3027;175.128.73.135;
AQUICFDZEUSR1-02;Vlan3028;175.128.200.97;
AQUICFDZEUSR1-02;Vlan3028;175.128.73.135;
AQUICFDZEUSR1-02;Vlan3029;184.6.20.20;
AQUICFDZEUSR1-02;Vlan3029;184.2.37.45;
AQUICFDZEUSR1-02;Vlan3029;175.128.200.97;
AQUICFDZEUSR1-02;Vlan3029;175.128.73.135;
AQUICFDZEUSR1-02;Vlan3030;175.128.200.97;
AQUICFDZEUSR1-02;Vlan3030;175.128.73.135;
AQUICFDZEUSR1-02;Vlan3031;175.128.200.97;
AQUICFDZEUSR1-02;Vlan3031;175.128.73.135;
AQUICFDZEUSR1-02;Vlan3032;184.6.20.20;
AQUICFDZEUSR1-02;Vlan3032;184.2.37.45;
AQUICFDZEUSR1-02;Vlan3032;175.128.200.97;
AQUICFDZEUSR1-02;Vlan3032;175.128.73.135;
AQUICFDZEUSR1-02;Vlan3033;175.128.200.97;
AQUICFDZEUSR1-02;Vlan3033;175.128.73.135;
AQUICFDZEUSR1-02;Vlan3034;175.128.200.97;
AQUICFDZEUSR1-02;Vlan3034;175.128.73.135;
AQUICFDZEUSR1-02;Vlan3035;175.128.200.97;
AQUICFDZEUSR1-02;Vlan3035;175.128.73.135;
AQUICFDZEUSR1-02;Vlan3036;175.128.200.97;
AQUICFDZEUSR1-02;Vlan3036;175.128.73.135;
AQUICFDZEUSR1-02;Vlan3037;175.128.200.97;
AQUICFDZEUSR1-02;Vlan3037;175.128.73.135;
AQUICFDZEUSR1-02;Vlan3038;175.128.200.97;
AQUICFDZEUSR1-02;Vlan3038;175.128.73.135;
AQUICFDZEUSR1-02;Vlan3039;175.128.200.97;
AQUICFDZEUSR1-02;Vlan3039;175.128.73.135;
AQUICFDZEUSR1-02;Vlan3040;175.128.200.97;
AQUICFDZEUSR1-02;Vlan3040;175.128.73.135;
AQUICFDZEUSR1-02;Vlan3041;175.128.200.97;
AQUICFDZEUSR1-02;Vlan3041;175.128.73.135;
AQUICFDZEUSR1-02;Vlan3042;175.128.200.97;
AQUICFDZEUSR1-02;Vlan3042;175.128.73.135;
AQUICFDZEUSR1-02;Vlan3043;175.128.200.97;
AQUICFDZEUSR1-02;Vlan3043;175.128.73.135;
AQUICFDZEUSR1-02;Vlan3044;175.128.200.97;
AQUICFDZEUSR1-02;Vlan3044;175.128.73.135;
AQUICFDZEUSR1-02;Vlan3045;175.128.200.97;
AQUICFDZEUSR1-02;Vlan3045;175.128.73.135;
AQUICFDZEUSR1-02;Vlan3046;175.128.200.97;
AQUICFDZEUSR1-02;Vlan3046;175.128.73.135;
AQUICFDZEUSR1-02;Vlan3047;175.128.200.97;
AQUICFDZEUSR1-02;Vlan3047;175.128.73.135;
AQUICFDZEUSR1-02;Vlan3048;175.128.200.97;
AQUICFDZEUSR1-02;Vlan3048;175.128.73.135;
AQUICFDZEUSR1-02;Vlan3101;175.128.200.97;
AQUICFDZEUSR1-02;Vlan3101;175.128.73.135;
AQUICFDZEUSR1-02;Vlan3102;175.128.200.97;
AQUICFDZEUSR1-02;Vlan3102;175.128.73.135;
AQUICFDZEUSR1-02;Vlan3103;175.128.200.97;
AQUICFDZEUSR1-02;Vlan3103;175.128.73.135;
AQUICFDZEUSR1-02;Vlan3104;175.128.200.97;
AQUICFDZEUSR1-02;Vlan3104;175.128.73.135;
AQUICFDZEUSR1-02;Vlan3105;175.128.200.97;
AQUICFDZEUSR1-02;Vlan3105;175.128.73.135;
AQUICFDZEUSR1-02;Vlan3106;175.128.200.97;
AQUICFDZEUSR1-02;Vlan3106;175.128.73.135;
AQUICFDZEUSR1-02;Vlan3107;175.128.200.97;
AQUICFDZEUSR1-02;Vlan3107;175.128.73.135;
AQUICFDZEUSR1-02;Vlan3108;175.128.200.97;
AQUICFDZEUSR1-02;Vlan3108;175.128.73.135;
AQUICFDZEUSR1-02;Vlan3109;175.128.200.97;
AQUICFDZEUSR1-02;Vlan3109;175.128.73.135;
AQUICFDZEUSR1-02;Vlan3110;175.128.200.97;
AQUICFDZEUSR1-02;Vlan3110;175.128.73.135;
AQUICFDZEUSR1-02;Vlan3111;175.128.200.97;
AQUICFDZEUSR1-02;Vlan3111;175.128.73.135;
AQUICFDZEUSR1-02;Vlan3112;175.128.200.97;
AQUICFDZEUSR1-02;Vlan3112;175.128.73.135;
AQUICFDZEUSR1-02;Vlan3113;175.128.200.97;
AQUICFDZEUSR1-02;Vlan3113;175.128.73.135;
AQUICFDZEUSR1-02;Vlan3114;175.128.200.97;
AQUICFDZEUSR1-02;Vlan3114;175.128.73.135;
AQUICFDZEUSR1-02;Vlan3115;175.128.200.97;
AQUICFDZEUSR1-02;Vlan3115;175.128.73.135;
AQUICFDZEUSR1-02;Vlan3116;175.128.200.97;
AQUICFDZEUSR1-02;Vlan3116;175.128.73.135;
AQUICFDZEUSR1-02;Vlan3117;175.128.200.97;
AQUICFDZEUSR1-02;Vlan3117;175.128.73.135;
AQUICFDZEUSR1-02;Vlan3118;175.128.200.97;
AQUICFDZEUSR1-02;Vlan3118;175.128.73.135;
AQUICFDZEUSR1-02;Vlan3119;175.128.200.97;
AQUICFDZEUSR1-02;Vlan3119;175.128.73.135;
AQUICFDZEUSR1-02;Vlan3120;175.128.200.97;
AQUICFDZEUSR1-02;Vlan3120;175.128.73.135;
AQUICFDZEUSR1-02;Vlan3121;175.128.200.97;
AQUICFDZEUSR1-02;Vlan3121;175.128.73.135;
AQUICFDZEUSR1-02;Vlan3122;175.128.200.97;
AQUICFDZEUSR1-02;Vlan3122;175.128.73.135;
AQUICFDZEUSR1-02;Vlan3123;175.128.200.97;
AQUICFDZEUSR1-02;Vlan3123;175.128.73.135;
AQUICFDZEUSR1-02;Vlan3124;175.128.200.97;
AQUICFDZEUSR1-02;Vlan3124;175.128.73.135;
AQUICFDZEUSR1-02;Vlan3125;175.128.200.97;
AQUICFDZEUSR1-02;Vlan3125;175.128.73.135;
AQUICFDZEUSR1-02;Vlan3126;175.128.200.97;
AQUICFDZEUSR1-02;Vlan3126;175.128.73.135;
AQUICFDZEUSR1-02;Vlan3127;175.128.200.97;
AQUICFDZEUSR1-02;Vlan3127;175.128.73.135;
AQUICFDZEUSR1-02;Vlan3128;175.128.200.97;
AQUICFDZEUSR1-02;Vlan3128;175.128.73.135;
AQUICFDZEUSR1-02;Vlan3129;175.128.200.97;
AQUICFDZEUSR1-02;Vlan3129;175.128.73.135;
AQUICFDZEUSR1-02;Vlan3130;175.128.200.97;
AQUICFDZEUSR1-02;Vlan3130;175.128.73.135;
AQUICFDZEUSR1-02;Vlan3131;175.128.200.97;
AQUICFDZEUSR1-02;Vlan3131;175.128.73.135;
AQUICFDZEUSR1-02;Vlan3132;175.128.200.97;
AQUICFDZEUSR1-02;Vlan3132;175.128.73.135;
DC2CFDZEUSA2-02;Vlan10;184.122.32.15;
DC2CFDZEUSA2-02;Vlan15;184.6.20.20;
DC2CFDZEUSA2-02;Vlan15;184.2.37.45;
DC2CFDZEUSA2-02;Vlan15;184.0.241.85;
DC2CFDZEUSA2-02;Vlan15;184.2.37.85;
DC2CFDZEUSA2-02;Vlan16;175.128.200.97;
DC2CFDZEUSA2-02;Vlan16;175.128.73.135;
DC2CFDZEUSA2-02;Vlan16;184.12.17.122;
DC2CFDZEUSA2-02;Vlan17;184.6.20.20;
DC2CFDZEUSA2-02;Vlan17;184.2.37.45;
DC2CFDZEUSA2-02;Vlan17;175.128.200.97;
DC2CFDZEUSA2-02;Vlan17;175.128.73.135;
DC2CFDZEUSA2-02;Vlan18;184.6.20.20;
DC2CFDZEUSA2-02;Vlan18;184.2.37.45;
DC2CFDZEUSA2-02;Vlan18;175.128.200.97;
DC2CFDZEUSA2-02;Vlan18;175.128.73.135;
DC2CFDZEUSA2-02;Vlan19;184.6.20.20;
DC2CFDZEUSA2-02;Vlan19;184.2.37.45;
DC2CFDZEUSA2-02;Vlan19;175.128.200.97;
DC2CFDZEUSA2-02;Vlan19;175.128.73.135;
DC2CFDZEUSA2-02;Vlan30;175.128.200.97;
DC2CFDZEUSA2-02;Vlan30;175.128.73.135;
DC2CFDZEUSA2-02;Vlan30;184.12.17.122;
DC2CFDZEUSA2-02;Vlan3001;175.128.200.97;
DC2CFDZEUSA2-02;Vlan3001;175.128.73.135;
DC2CFDZEUSA2-02;Vlan3002;175.128.200.97;
DC2CFDZEUSA2-02;Vlan3002;175.128.73.135;
DC2CFDZEUSA2-02;Vlan3002;184.12.17.122;
DC2CFDZEUSA2-02;Vlan3003;175.128.200.97;
DC2CFDZEUSA2-02;Vlan3003;175.128.73.135;
DC2CFDZEUSA2-02;Vlan3004;175.128.200.97;
DC2CFDZEUSA2-02;Vlan3004;175.128.73.135;
DC2CFDZEUSA2-02;Vlan3005;175.128.200.97;
DC2CFDZEUSA2-02;Vlan3005;175.128.73.135;
DC2CFDZEUSA2-02;Vlan3006;175.128.200.97;
DC2CFDZEUSA2-02;Vlan3006;175.128.73.135;
DC2CFDZEUSA2-02;Vlan3007;175.128.200.97;
DC2CFDZEUSA2-02;Vlan3007;175.128.73.135;
DC2CFDZEUSA2-02;Vlan3007;184.12.17.122;
DC2CFDZEUSA2-02;Vlan3008;175.128.200.97;
DC2CFDZEUSA2-02;Vlan3008;175.128.73.135;
DC2CFDZEUSA2-02;Vlan3009;175.128.200.97;
DC2CFDZEUSA2-02;Vlan3009;175.128.73.135;
DC2CFDZEUSA2-02;Vlan3010;175.128.200.97;
DC2CFDZEUSA2-02;Vlan3010;175.128.73.135;
DC2CFDZEUSA2-02;Vlan3011;175.128.200.97;
DC2CFDZEUSA2-02;Vlan3011;175.128.73.135;
DC2CFDZEUSA2-02;Vlan3012;175.128.200.97;
DC2CFDZEUSA2-02;Vlan3012;175.128.73.135;
DC2CFDZEUSA2-02;Vlan3013;175.128.200.97;
DC2CFDZEUSA2-02;Vlan3013;175.128.73.135;
DC2CFDZEUSA2-02;Vlan3014;175.128.200.97;
DC2CFDZEUSA2-02;Vlan3014;175.128.73.135;
DC2CFDZEUSA2-02;Vlan3015;175.128.200.97;
DC2CFDZEUSA2-02;Vlan3015;175.128.73.135;
DC2CFDZEUSA2-02;Vlan3016;175.128.200.97;
DC2CFDZEUSA2-02;Vlan3016;175.128.73.135;
DC2CFDZEUSA2-02;Vlan3016;184.12.17.122;
DC2CFDZEUSA2-02;Vlan3017;175.128.200.97;
DC2CFDZEUSA2-02;Vlan3017;175.128.73.135;
DC2CFDZEUSA2-02;Vlan3018;175.128.200.97;
DC2CFDZEUSA2-02;Vlan3018;175.128.73.135;
DC2CFDZEUSA2-02;Vlan3019;175.128.200.97;
DC2CFDZEUSA2-02;Vlan3019;175.128.73.135;
DC2CFDZEUSA2-02;Vlan3020;175.128.200.97;
DC2CFDZEUSA2-02;Vlan3020;175.128.73.135;
DC2CFDZEUSA2-02;Vlan3021;175.128.200.97;
DC2CFDZEUSA2-02;Vlan3021;175.128.73.135;
DC2CFDZEUSA2-02;Vlan3022;175.128.200.97;
DC2CFDZEUSA2-02;Vlan3022;175.128.73.135;
DC2CFDZEUSA2-02;Vlan3023;175.128.200.97;
DC2CFDZEUSA2-02;Vlan3023;175.128.73.135;
DC2CFDZEUSA2-02;Vlan3024;175.128.200.97;
DC2CFDZEUSA2-02;Vlan3024;175.128.73.135;
DC2CFDZEUSA2-02;Vlan3025;175.128.200.97;
DC2CFDZEUSA2-02;Vlan3025;175.128.73.135;
DC2CFDZEUSA2-02;Vlan3026;175.128.200.97;
DC2CFDZEUSA2-02;Vlan3026;175.128.73.135;
DC2CFDZEUSA2-02;Vlan3027;175.128.200.97;
DC2CFDZEUSA2-02;Vlan3027;175.128.73.135;
DC2CFDZEUSA2-02;Vlan3028;175.128.200.97;
DC2CFDZEUSA2-02;Vlan3028;175.128.73.135;
DC2CFDZEUSA2-02;Vlan3029;175.128.200.97;
DC2CFDZEUSA2-02;Vlan3029;175.128.73.135;
DC2CFDZEUSA2-02;Vlan3030;175.128.200.97;
DC2CFDZEUSA2-02;Vlan3030;175.128.73.135;
DC2CFDZEUSA2-02;Vlan3031;175.128.200.97;
DC2CFDZEUSA2-02;Vlan3031;175.128.73.135;
DC2CFDZEUSA2-02;Vlan3032;184.6.20.20;
DC2CFDZEUSA2-02;Vlan3032;184.2.37.45;
DC2CFDZEUSA2-02;Vlan3032;175.128.200.97;
DC2CFDZEUSA2-02;Vlan3032;175.128.73.135;
DC2CFDZEUSA2-02;Vlan3033;175.128.200.97;
DC2CFDZEUSA2-02;Vlan3033;175.128.73.135;
DC2CFDZEUSA2-02;Vlan3034;175.128.200.97;
DC2CFDZEUSA2-02;Vlan3034;175.128.73.135;
DC2CFDZEUSA2-02;Vlan3035;175.128.200.97;
DC2CFDZEUSA2-02;Vlan3035;175.128.73.135;
DC2CFDZEUSA2-02;Vlan3036;175.128.200.97;
DC2CFDZEUSA2-02;Vlan3036;175.128.73.135;
DC2CFDZEUSA2-02;Vlan3037;175.128.200.97;
DC2CFDZEUSA2-02;Vlan3037;175.128.73.135;
DC2CFDZEUSA2-02;Vlan3038;175.128.200.97;
DC2CFDZEUSA2-02;Vlan3038;175.128.73.135;
DC2CFDZEUSA2-02;Vlan3039;175.128.200.97;
DC2CFDZEUSA2-02;Vlan3039;175.128.73.135;
DC2CFDZEUSA2-02;Vlan3040;175.128.200.97;
DC2CFDZEUSA2-02;Vlan3040;175.128.73.135;
DC2CFDZEUSA2-02;Vlan3041;175.128.200.97;
DC2CFDZEUSA2-02;Vlan3041;175.128.73.135;
DC2CFDZEUSA2-02;Vlan3042;175.128.200.97;
DC2CFDZEUSA2-02;Vlan3042;175.128.73.135;
DC2CFDZEUSA2-02;Vlan3043;175.128.200.97;
DC2CFDZEUSA2-02;Vlan3043;175.128.73.135;
DC2CFDZEUSA2-02;Vlan3044;175.128.200.97;
DC2CFDZEUSA2-02;Vlan3044;175.128.73.135;
DC2CFDZEUSA2-02;Vlan3045;175.128.200.97;
DC2CFDZEUSA2-02;Vlan3045;175.128.73.135;
DC2CFDZEUSA2-02;Vlan3046;175.128.200.97;
DC2CFDZEUSA2-02;Vlan3046;175.128.73.135;
DC2CFDZEUSA2-02;Vlan3047;175.128.200.97;
DC2CFDZEUSA2-02;Vlan3047;175.128.73.135;
DC2CFDZEUSA2-02;Vlan3048;175.128.200.97;
DC2CFDZEUSA2-02;Vlan3048;175.128.73.135;
DC2CFDZEUSA3-02;Vlan10;184.122.32.15;
DC2CFDZEUSA3-02;Vlan15;184.6.20.20;
DC2CFDZEUSA3-02;Vlan15;184.2.37.45;
DC2CFDZEUSA3-02;Vlan15;184.0.241.85;
DC2CFDZEUSA3-02;Vlan15;184.2.37.85;
DC2CFDZEUSA3-02;Vlan16;175.128.200.97;
DC2CFDZEUSA3-02;Vlan16;175.128.73.135;
DC2CFDZEUSA3-02;Vlan16;184.12.17.122;
DC2CFDZEUSA3-02;Vlan17;184.6.20.20;
DC2CFDZEUSA3-02;Vlan17;184.2.37.45;
DC2CFDZEUSA3-02;Vlan17;175.128.200.97;
DC2CFDZEUSA3-02;Vlan17;175.128.73.135;
DC2CFDZEUSA3-02;Vlan18;184.6.20.20;
DC2CFDZEUSA3-02;Vlan18;184.2.37.45;
DC2CFDZEUSA3-02;Vlan18;175.128.200.97;
DC2CFDZEUSA3-02;Vlan18;175.128.73.135;
DC2CFDZEUSA3-02;Vlan19;184.6.20.20;
DC2CFDZEUSA3-02;Vlan19;184.2.37.45;
DC2CFDZEUSA3-02;Vlan19;175.128.200.97;
DC2CFDZEUSA3-02;Vlan19;175.128.73.135;
DC2CFDZEUSA3-02;Vlan30;175.128.200.97;
DC2CFDZEUSA3-02;Vlan30;175.128.73.135;
DC2CFDZEUSA3-02;Vlan30;184.12.17.122;
DC2CFDZEUSA3-02;Vlan3001;175.128.200.97;
DC2CFDZEUSA3-02;Vlan3001;175.128.73.135;
DC2CFDZEUSA3-02;Vlan3002;175.128.200.97;
DC2CFDZEUSA3-02;Vlan3002;175.128.73.135;
DC2CFDZEUSA3-02;Vlan3002;184.12.17.122;
DC2CFDZEUSA3-02;Vlan3003;175.128.200.97;
DC2CFDZEUSA3-02;Vlan3003;175.128.73.135;
DC2CFDZEUSA3-02;Vlan3004;175.128.200.97;
DC2CFDZEUSA3-02;Vlan3004;175.128.73.135;
DC2CFDZEUSA3-02;Vlan3005;175.128.200.97;
DC2CFDZEUSA3-02;Vlan3005;175.128.73.135;
DC2CFDZEUSA3-02;Vlan3006;175.128.200.97;
DC2CFDZEUSA3-02;Vlan3006;175.128.73.135;
DC2CFDZEUSA3-02;Vlan3007;175.128.200.97;
DC2CFDZEUSA3-02;Vlan3007;175.128.73.135;
DC2CFDZEUSA3-02;Vlan3007;184.12.17.122;
DC2CFDZEUSA3-02;Vlan3008;175.128.200.97;
DC2CFDZEUSA3-02;Vlan3008;175.128.73.135;
DC2CFDZEUSA3-02;Vlan3009;175.128.200.97;
DC2CFDZEUSA3-02;Vlan3009;175.128.73.135;
DC2CFDZEUSA3-02;Vlan3010;175.128.200.97;
DC2CFDZEUSA3-02;Vlan3010;175.128.73.135;
DC2CFDZEUSA3-02;Vlan3011;175.128.200.97;
DC2CFDZEUSA3-02;Vlan3011;175.128.73.135;
DC2CFDZEUSA3-02;Vlan3012;175.128.200.97;
DC2CFDZEUSA3-02;Vlan3012;175.128.73.135;
DC2CFDZEUSA3-02;Vlan3013;175.128.200.97;
DC2CFDZEUSA3-02;Vlan3013;175.128.73.135;
DC2CFDZEUSA3-02;Vlan3014;175.128.200.97;
DC2CFDZEUSA3-02;Vlan3014;175.128.73.135;
DC2CFDZEUSA3-02;Vlan3015;175.128.200.97;
DC2CFDZEUSA3-02;Vlan3015;175.128.73.135;
DC2CFDZEUSA3-02;Vlan3016;175.128.200.97;
DC2CFDZEUSA3-02;Vlan3016;175.128.73.135;
DC2CFDZEUSA3-02;Vlan3016;184.12.17.122;
DC2CFDZEUSA3-02;Vlan3017;175.128.200.97;
DC2CFDZEUSA3-02;Vlan3017;175.128.73.135;
DC2CFDZEUSA3-02;Vlan3018;175.128.200.97;
DC2CFDZEUSA3-02;Vlan3018;175.128.73.135;
DC2CFDZEUSA3-02;Vlan3019;175.128.200.97;
DC2CFDZEUSA3-02;Vlan3019;175.128.73.135;
DC2CFDZEUSA3-02;Vlan3020;175.128.200.97;
DC2CFDZEUSA3-02;Vlan3020;175.128.73.135;
DC2CFDZEUSA3-02;Vlan3021;175.128.200.97;
DC2CFDZEUSA3-02;Vlan3021;175.128.73.135;
DC2CFDZEUSA3-02;Vlan3022;175.128.200.97;
DC2CFDZEUSA3-02;Vlan3022;175.128.73.135;
DC2CFDZEUSA3-02;Vlan3023;175.128.200.97;
DC2CFDZEUSA3-02;Vlan3023;175.128.73.135;
DC2CFDZEUSA3-02;Vlan3024;175.128.200.97;
DC2CFDZEUSA3-02;Vlan3024;175.128.73.135;
DC2CFDZEUSA3-02;Vlan3025;175.128.200.97;
DC2CFDZEUSA3-02;Vlan3025;175.128.73.135;
DC2CFDZEUSA3-02;Vlan3026;175.128.200.97;
DC2CFDZEUSA3-02;Vlan3026;175.128.73.135;
DC2CFDZEUSA3-02;Vlan3027;175.128.200.97;
DC2CFDZEUSA3-02;Vlan3027;175.128.73.135;
DC2CFDZEUSA3-02;Vlan3028;175.128.200.97;
DC2CFDZEUSA3-02;Vlan3028;175.128.73.135;
DC2CFDZEUSA3-02;Vlan3029;175.128.200.97;
DC2CFDZEUSA3-02;Vlan3029;175.128.73.135;
DC2CFDZEUSA3-02;Vlan3030;175.128.200.97;
DC2CFDZEUSA3-02;Vlan3030;175.128.73.135;
DC2CFDZEUSA3-02;Vlan3031;175.128.200.97;
DC2CFDZEUSA3-02;Vlan3031;175.128.73.135;
DC2CFDZEUSA3-02;Vlan3032;184.6.20.20;
DC2CFDZEUSA3-02;Vlan3032;184.2.37.45;
DC2CFDZEUSA3-02;Vlan3032;175.128.200.97;
DC2CFDZEUSA3-02;Vlan3032;175.128.73.135;
DC2CFDZEUSA3-02;Vlan3033;175.128.200.97;
DC2CFDZEUSA3-02;Vlan3033;175.128.73.135;
DC2CFDZEUSA3-02;Vlan3034;175.128.200.97;
DC2CFDZEUSA3-02;Vlan3034;175.128.73.135;
DC2CFDZEUSA3-02;Vlan3035;175.128.200.97;
DC2CFDZEUSA3-02;Vlan3035;175.128.73.135;
DC2CFDZEUSA3-02;Vlan3036;175.128.200.97;
DC2CFDZEUSA3-02;Vlan3036;175.128.73.135;
DC2CFDZEUSA3-02;Vlan3037;175.128.200.97;
DC2CFDZEUSA3-02;Vlan3037;175.128.73.135;
DC2CFDZEUSA3-02;Vlan3038;175.128.200.97;
DC2CFDZEUSA3-02;Vlan3038;175.128.73.135;
DC2CFDZEUSA3-02;Vlan3039;175.128.200.97;
DC2CFDZEUSA3-02;Vlan3039;175.128.73.135;
DC2CFDZEUSA3-02;Vlan3040;175.128.200.97;
DC2CFDZEUSA3-02;Vlan3040;175.128.73.135;
DC2CFDZEUSA3-02;Vlan3041;175.128.200.97;
DC2CFDZEUSA3-02;Vlan3041;175.128.73.135;
DC2CFDZEUSA3-02;Vlan3042;175.128.200.97;
DC2CFDZEUSA3-02;Vlan3042;175.128.73.135;
DC2CFDZEUSA3-02;Vlan3043;175.128.200.97;
DC2CFDZEUSA3-02;Vlan3043;175.128.73.135;
DC2CFDZEUSA3-02;Vlan3044;175.128.200.97;
DC2CFDZEUSA3-02;Vlan3044;175.128.73.135;
DC2CFDZEUSA3-02;Vlan3045;175.128.200.97;
DC2CFDZEUSA3-02;Vlan3045;175.128.73.135;
DC2CFDZEUSA3-02;Vlan3046;175.128.200.97;
DC2CFDZEUSA3-02;Vlan3046;175.128.73.135;
DC2CFDZEUSA3-02;Vlan3047;175.128.200.97;
DC2CFDZEUSA3-02;Vlan3047;175.128.73.135;
DC2CFDZEUSA3-02;Vlan3048;175.128.200.97;
DC2CFDZEUSA3-02;Vlan3048;175.128.73.135;
SC2CFDZEUSR1-03;Vlan15;184.6.20.20;
SC2CFDZEUSR1-03;Vlan15;184.2.37.45;
SC2CFDZEUSR1-03;Vlan15;184.0.241.85;
SC2CFDZEUSR1-03;Vlan15;184.2.37.85;
SC2CFDZEUSR1-03;Vlan16;184.6.20.20;
SC2CFDZEUSR1-03;Vlan16;184.2.37.45;
SC2CFDZEUSR1-03;Vlan16;184.0.241.85;
SC2CFDZEUSR1-03;Vlan16;184.2.37.85;
SC2CFDZEUSR1-03;Vlan17;184.6.20.20;
SC2CFDZEUSR1-03;Vlan17;184.2.37.45;
SC2CFDZEUSR1-03;Vlan17;184.0.241.85;
SC2CFDZEUSR1-03;Vlan17;184.2.37.85;
SC2CFDZEUSR1-03;Vlan18;184.6.20.20;
SC2CFDZEUSR1-03;Vlan18;184.2.37.45;
SC2CFDZEUSR1-03;Vlan18;184.0.241.85;
SC2CFDZEUSR1-03;Vlan18;184.2.37.85;
SC2CFDZEUSR1-03;Vlan19;184.2.37.8;
SC2CFDZEUSR1-03;Vlan19;184.6.20.20;
SC2CFDZEUSR1-03;Vlan19;184.2.37.45;
SC2CFDZEUSR1-03;Vlan19;184.0.241.85;
SC2CFDZEUSR1-03;Vlan19;184.2.37.85;
SC2CFDZEUSR1-03;Vlan3001;184.6.20.20;
SC2CFDZEUSR1-03;Vlan3001;184.2.37.85;
SC2CFDZEUSR1-03;Vlan3001;184.2.37.45;
SC2CFDZEUSR1-03;Vlan3001;184.0.241.85;
SC2CFDZEUSR1-03;Vlan3002;184.6.20.20;
SC2CFDZEUSR1-03;Vlan3002;184.0.241.85;
SC2CFDZEUSR1-03;Vlan3002;184.2.37.45;
SC2CFDZEUSR1-03;Vlan3002;184.2.37.85;
SC2CFDZEUSR1-03;Vlan3003;184.6.20.20;
SC2CFDZEUSR1-03;Vlan3003;184.0.241.85;
SC2CFDZEUSR1-03;Vlan3003;184.2.37.85;
SC2CFDZEUSR1-03;Vlan3003;184.2.37.45;
SC2CFDZEUSR1-03;Vlan3004;184.2.37.8;
SC2CFDZEUSR1-03;Vlan3004;184.6.20.20;
SC2CFDZEUSR1-03;Vlan3004;184.2.37.45;
SC2CFDZEUSR1-03;Vlan3004;184.0.241.85;
SC2CFDZEUSR1-03;Vlan3004;184.2.37.85;
SC2CFDZEUSR1-03;Vlan3005;184.6.20.20;
SC2CFDZEUSR1-03;Vlan3005;184.2.37.45;
SC2CFDZEUSR1-03;Vlan3005;184.0.241.85;
SC2CFDZEUSR1-03;Vlan3005;184.2.37.85;
SC2CFDZEUSR1-03;Vlan3006;184.6.20.20;
SC2CFDZEUSR1-03;Vlan3006;184.2.37.4;
SC2CFDZEUSR1-03;Vlan3006;184.2.37.45;
SC2CFDZEUSR1-03;Vlan3006;184.0.241.85;
SC2CFDZEUSR1-03;Vlan3006;184.2.37.85;
SC2CFDZEUSR1-03;Vlan3007;184.6.20.20;
SC2CFDZEUSR1-03;Vlan3007;184.2.37.45;
SC2CFDZEUSR1-03;Vlan3007;184.0.241.85;
SC2CFDZEUSR1-03;Vlan3007;184.2.37.85;
SC2CFDZEUSR1-03;Vlan3008;184.6.20.20;
SC2CFDZEUSR1-03;Vlan3008;184.2.37.45;
SC2CFDZEUSR1-03;Vlan3008;184.0.241.85;
SC2CFDZEUSR1-03;Vlan3008;184.2.37.85;
SC2CFDZEUSR1-03;Vlan3009;184.6.20.20;
SC2CFDZEUSR1-03;Vlan3009;184.2.37.45;
SC2CFDZEUSR1-03;Vlan3009;184.0.241.85;
SC2CFDZEUSR1-03;Vlan3009;184.2.37.85;
SC2CFDZEUSR1-03;Vlan3010;184.6.20.20;
SC2CFDZEUSR1-03;Vlan3010;184.2.37.45;
SC2CFDZEUSR1-03;Vlan3010;184.0.241.85;
SC2CFDZEUSR1-03;Vlan3010;184.2.37.85;
SC2CFDZEUSR1-03;Vlan3011;184.6.20.20;
SC2CFDZEUSR1-03;Vlan3011;184.2.37.45;
SC2CFDZEUSR1-03;Vlan3011;184.0.241.85;
SC2CFDZEUSR1-03;Vlan3011;184.2.37.85;
SC2CFDZEUSR1-03;Vlan3012;184.6.20.20;
SC2CFDZEUSR1-03;Vlan3012;184.2.37.45;
SC2CFDZEUSR1-03;Vlan3012;184.0.241.85;
SC2CFDZEUSR1-03;Vlan3012;184.2.37.85;
SC2CFDZEUSR1-03;Vlan3013;184.6.20.20;
SC2CFDZEUSR1-03;Vlan3013;184.2.37.45;
SC2CFDZEUSR1-03;Vlan3013;184.0.241.85;
SC2CFDZEUSR1-03;Vlan3013;184.2.37.85;
SC2CFDZEUSR1-03;Vlan3014;184.6.20.20;
SC2CFDZEUSR1-03;Vlan3014;184.2.37.45;
SC2CFDZEUSR1-03;Vlan3014;184.0.241.85;
SC2CFDZEUSR1-03;Vlan3014;184.2.37.85;
SC2CFDZEUSR1-03;Vlan3015;184.6.20.20;
SC2CFDZEUSR1-03;Vlan3015;184.2.37.45;
SC2CFDZEUSR1-03;Vlan3015;184.0.241.85;
SC2CFDZEUSR1-03;Vlan3015;184.2.37.85;
SC2CFDZEUSR1-03;Vlan3016;184.6.20.20;
SC2CFDZEUSR1-03;Vlan3016;184.2.37.45;
SC2CFDZEUSR1-03;Vlan3016;184.0.241.85;
SC2CFDZEUSR1-03;Vlan3016;184.2.37.85;
SC2CFDZEUSR1-03;Vlan3017;184.6.20.20;
SC2CFDZEUSR1-03;Vlan3017;184.2.37.45;
SC2CFDZEUSR1-03;Vlan3017;184.0.241.85;
SC2CFDZEUSR1-03;Vlan3017;184.2.37.85;
SC2CFDZEUSR1-03;Vlan3018;184.6.20.20;
SC2CFDZEUSR1-03;Vlan3018;184.2.37.45;
SC2CFDZEUSR1-03;Vlan3018;184.0.241.85;
SC2CFDZEUSR1-03;Vlan3018;184.2.37.85;
SC2CFDZEUSR1-03;Vlan3019;184.6.20.20;
SC2CFDZEUSR1-03;Vlan3019;184.2.37.45;
SC2CFDZEUSR1-03;Vlan3019;184.0.241.85;
SC2CFDZEUSR1-03;Vlan3019;184.2.37.85;
SC2CFDZEUSR1-03;Vlan3020;184.6.20.20;
SC2CFDZEUSR1-03;Vlan3020;184.2.37.45;
SC2CFDZEUSR1-03;Vlan3020;184.0.241.85;
SC2CFDZEUSR1-03;Vlan3020;184.2.37.85;
SC2CFDZEUSR1-03;Vlan3021;184.6.20.20;
SC2CFDZEUSR1-03;Vlan3021;184.2.37.45;
SC2CFDZEUSR1-03;Vlan3021;184.0.241.85;
SC2CFDZEUSR1-03;Vlan3021;184.2.37.85;
SC2CFDZEUSR1-03;Vlan3022;184.6.20.20;
SC2CFDZEUSR1-03;Vlan3022;184.2.37.45;
SC2CFDZEUSR1-03;Vlan3022;184.0.241.85;
SC2CFDZEUSR1-03;Vlan3022;184.2.37.85;
SC2CFDZEUSR1-03;Vlan3023;184.6.20.20;
SC2CFDZEUSR1-03;Vlan3023;184.2.37.45;
SC2CFDZEUSR1-03;Vlan3023;184.0.241.85;
SC2CFDZEUSR1-03;Vlan3023;184.2.37.85;
SC2CFDZEUSR1-03;Vlan3024;184.6.20.20;
SC2CFDZEUSR1-03;Vlan3024;184.2.37.45;
SC2CFDZEUSR1-03;Vlan3024;184.0.241.85;
SC2CFDZEUSR1-03;Vlan3024;184.2.37.85;
SC2CFDZEUSR1-03;Vlan3025;184.6.20.20;
SC2CFDZEUSR1-03;Vlan3025;184.2.37.45;
SC2CFDZEUSR1-03;Vlan3025;184.0.241.85;
SC2CFDZEUSR1-03;Vlan3025;184.2.37.85;
SC2CFDZEUSR1-03;Vlan3026;184.6.20.20;
SC2CFDZEUSR1-03;Vlan3026;184.2.37.45;
SC2CFDZEUSR1-03;Vlan3026;184.0.241.85;
SC2CFDZEUSR1-03;Vlan3026;184.2.37.85;
SC2CFDZEUSR1-03;Vlan3027;184.6.20.20;
SC2CFDZEUSR1-03;Vlan3027;184.2.37.45;
SC2CFDZEUSR1-03;Vlan3027;184.0.241.85;
SC2CFDZEUSR1-03;Vlan3027;184.2.37.85;
SC2CFDZEUSR1-03;Vlan3028;184.6.20.20;
SC2CFDZEUSR1-03;Vlan3028;184.2.37.45;
SC2CFDZEUSR1-03;Vlan3028;184.0.241.85;
SC2CFDZEUSR1-03;Vlan3028;184.2.37.85;
SC2CFDZEUSR1-03;Vlan3029;184.6.20.20;
SC2CFDZEUSR1-03;Vlan3029;184.2.37.45;
SC2CFDZEUSR1-03;Vlan3029;184.0.241.85;
SC2CFDZEUSR1-03;Vlan3029;184.2.37.85;
SC2CFDZEUSR1-03;Vlan3030;184.6.20.20;
SC2CFDZEUSR1-03;Vlan3030;184.2.37.45;
SC2CFDZEUSR1-03;Vlan3030;184.0.241.85;
SC2CFDZEUSR1-03;Vlan3030;184.2.37.85;
SC2CFDZEUSR1-03;Vlan3031;184.6.20.20;
SC2CFDZEUSR1-03;Vlan3031;184.2.37.45;
SC2CFDZEUSR1-03;Vlan3031;184.0.241.85;
SC2CFDZEUSR1-03;Vlan3031;184.2.37.85;
SC2CFDZEUSR1-03;Vlan3032;184.6.20.20;
SC2CFDZEUSR1-03;Vlan3032;184.2.37.45;
SC2CFDZEUSR1-03;Vlan3032;184.0.241.85;
SC2CFDZEUSR1-03;Vlan3032;184.2.37.85;
SC2CFDZEUSR1-03;Vlan3101;184.6.20.20;
SC2CFDZEUSR1-03;Vlan3101;184.2.37.45;
SC2CFDZEUSR1-03;Vlan3101;184.0.241.85;
SC2CFDZEUSR1-03;Vlan3101;184.2.37.85;
SC2CFDZEUSR1-03;Vlan3102;184.6.20.20;
SC2CFDZEUSR1-03;Vlan3102;184.2.37.45;
SC2CFDZEUSR1-03;Vlan3102;184.0.241.85;
SC2CFDZEUSR1-03;Vlan3102;184.2.37.85;
SC2CFDZEUSR1-03;Vlan3103;184.6.20.20;
SC2CFDZEUSR1-03;Vlan3103;184.2.37.45;
SC2CFDZEUSR1-03;Vlan3103;184.0.241.85;
SC2CFDZEUSR1-03;Vlan3103;184.2.37.85;
SC2CFDZEUSR1-03;Vlan3104;184.6.20.20;
SC2CFDZEUSR1-03;Vlan3104;184.2.37.45;
SC2CFDZEUSR1-03;Vlan3104;184.0.241.85;
SC2CFDZEUSR1-03;Vlan3104;184.2.37.85;
SC2CFDZEUSR1-03;Vlan3105;184.6.20.20;
SC2CFDZEUSR1-03;Vlan3105;184.2.37.45;
SC2CFDZEUSR1-03;Vlan3105;184.0.241.85;
SC2CFDZEUSR1-03;Vlan3105;184.2.37.85;
SC2CFDZEUSR1-03;Vlan3106;184.6.20.20;
SC2CFDZEUSR1-03;Vlan3106;184.2.37.45;
SC2CFDZEUSR1-03;Vlan3106;184.0.241.85;
SC2CFDZEUSR1-03;Vlan3106;184.2.37.85;
SC2CFDZEUSR1-03;Vlan3107;184.6.20.20;
SC2CFDZEUSR1-03;Vlan3107;184.2.37.45;
SC2CFDZEUSR1-03;Vlan3107;184.0.241.85;
SC2CFDZEUSR1-03;Vlan3107;184.2.37.85;
SC2CFDZEUSR1-03;Vlan3108;184.6.20.20;
SC2CFDZEUSR1-03;Vlan3108;184.2.37.45;
SC2CFDZEUSR1-03;Vlan3108;184.0.241.85;
SC2CFDZEUSR1-03;Vlan3108;184.2.37.85;
SC2CFDZEUSR1-03;Vlan3109;184.6.20.20;
SC2CFDZEUSR1-03;Vlan3109;184.2.37.45;
SC2CFDZEUSR1-03;Vlan3109;184.0.241.85;
SC2CFDZEUSR1-03;Vlan3109;184.2.37.85;
SC2CFDZEUSR1-03;Vlan3110;184.6.20.20;
SC2CFDZEUSR1-03;Vlan3110;184.2.37.45;
SC2CFDZEUSR1-03;Vlan3110;184.0.241.85;
SC2CFDZEUSR1-03;Vlan3110;184.2.37.85;
SC2CFDZEUSR1-03;Vlan3111;184.6.20.20;
SC2CFDZEUSR1-03;Vlan3111;184.2.37.45;
SC2CFDZEUSR1-03;Vlan3111;184.0.241.85;
SC2CFDZEUSR1-03;Vlan3111;184.2.37.85;
SC2CFDZEUSR1-03;Vlan3112;184.6.20.20;
SC2CFDZEUSR1-03;Vlan3112;184.2.37.45;
SC2CFDZEUSR1-03;Vlan3112;184.0.241.85;
SC2CFDZEUSR1-03;Vlan3112;184.2.37.85;
SC2CFDZEUSR1-03;Vlan3113;184.6.20.20;
SC2CFDZEUSR1-03;Vlan3113;184.2.37.45;
SC2CFDZEUSR1-03;Vlan3113;184.0.241.85;
SC2CFDZEUSR1-03;Vlan3113;184.2.37.85;
SC2CFDZEUSR1-03;Vlan3114;184.6.20.20;
SC2CFDZEUSR1-03;Vlan3114;184.2.37.45;
SC2CFDZEUSR1-03;Vlan3114;184.0.241.85;
SC2CFDZEUSR1-03;Vlan3114;184.2.37.85;
SC2CFDZEUSR1-03;Vlan3115;184.6.20.20;
SC2CFDZEUSR1-03;Vlan3115;184.2.37.45;
SC2CFDZEUSR1-03;Vlan3115;184.0.241.85;
SC2CFDZEUSR1-03;Vlan3115;184.2.37.85;
SC2CFDZEUSR1-03;Vlan3116;184.6.20.20;
SC2CFDZEUSR1-03;Vlan3116;184.2.37.45;
SC2CFDZEUSR1-03;Vlan3116;184.0.241.85;
SC2CFDZEUSR1-03;Vlan3116;184.2.37.85;
SC2CFDZEUSR1-03;Vlan3117;184.6.20.20;
SC2CFDZEUSR1-03;Vlan3117;184.2.37.45;
SC2CFDZEUSR1-03;Vlan3117;184.0.241.85;
SC2CFDZEUSR1-03;Vlan3117;184.2.37.85;
SC2CFDZEUSR1-03;Vlan3118;184.6.20.20;
SC2CFDZEUSR1-03;Vlan3118;184.2.37.45;
SC2CFDZEUSR1-03;Vlan3118;184.0.241.85;
SC2CFDZEUSR1-03;Vlan3118;184.2.37.85;
SC2CFDZEUSR1-03;Vlan3119;184.6.20.20;
SC2CFDZEUSR1-03;Vlan3119;184.2.37.45;
SC2CFDZEUSR1-03;Vlan3119;184.0.241.85;
SC2CFDZEUSR1-03;Vlan3119;184.2.37.85;
SC2CFDZEUSR1-03;Vlan3120;184.6.20.20;
SC2CFDZEUSR1-03;Vlan3120;184.2.37.45;
SC2CFDZEUSR1-03;Vlan3120;184.0.241.85;
SC2CFDZEUSR1-03;Vlan3120;184.2.37.85;
SC2CFDZEUSR1-03;Vlan3121;184.6.20.20;
SC2CFDZEUSR1-03;Vlan3121;184.2.37.45;
SC2CFDZEUSR1-03;Vlan3121;184.0.241.85;
SC2CFDZEUSR1-03;Vlan3121;184.2.37.85;
SC2CFDZEUSR1-03;Vlan3122;184.6.20.20;
SC2CFDZEUSR1-03;Vlan3122;184.2.37.45;
SC2CFDZEUSR1-03;Vlan3122;184.0.241.85;
SC2CFDZEUSR1-03;Vlan3122;184.2.37.85;
SC2CFDZEUSR1-03;Vlan3123;184.6.20.20;
SC2CFDZEUSR1-03;Vlan3123;184.2.37.45;
SC2CFDZEUSR1-03;Vlan3123;184.0.241.85;
SC2CFDZEUSR1-03;Vlan3123;184.2.37.85;
SC2CFDZEUSR1-03;Vlan3124;184.6.20.20;
SC2CFDZEUSR1-03;Vlan3124;184.2.37.45;
SC2CFDZEUSR1-03;Vlan3124;184.0.241.85;
SC2CFDZEUSR1-03;Vlan3124;184.2.37.85;
SC2CFDZEUSR1-03;Vlan3125;184.6.20.20;
SC2CFDZEUSR1-03;Vlan3125;184.2.37.45;
SC2CFDZEUSR1-03;Vlan3125;184.0.241.85;
SC2CFDZEUSR1-03;Vlan3125;184.2.37.85;
SC2CFDZEUSR1-03;Vlan3126;184.6.20.20;
SC2CFDZEUSR1-03;Vlan3126;184.2.37.45;
SC2CFDZEUSR1-03;Vlan3126;184.0.241.85;
SC2CFDZEUSR1-03;Vlan3126;184.2.37.85;
SC2CFDZEUSR1-03;Vlan3127;184.6.20.20;
SC2CFDZEUSR1-03;Vlan3127;184.2.37.45;
SC2CFDZEUSR1-03;Vlan3127;184.0.241.85;
SC2CFDZEUSR1-03;Vlan3127;184.2.37.85;
SC2CFDZEUSR1-03;Vlan3128;184.6.20.20;
SC2CFDZEUSR1-03;Vlan3128;184.2.37.45;
SC2CFDZEUSR1-03;Vlan3128;184.0.241.85;
SC2CFDZEUSR1-03;Vlan3128;184.2.37.85;
SC2CFDZEUSR1-03;Vlan3130;184.6.20.20;
SC2CFDZEUSR1-03;Vlan3130;184.2.37.45;
SC2CFDZEUSR1-03;Vlan3130;184.0.241.85;
SC2CFDZEUSR1-03;Vlan3130;184.2.37.85;
SC2CFDZEUSR1-03;Vlan3131;184.6.20.20;
SC2CFDZEUSR1-03;Vlan3131;184.2.37.45;
SC2CFDZEUSR1-03;Vlan3131;184.0.241.85;
SC2CFDZEUSR1-03;Vlan3131;184.2.37.85;
SC2CFDZEUSR1-03;Vlan3132;184.6.20.20;
SC2CFDZEUSR1-03;Vlan3132;184.2.37.45;
SC2CFDZEUSR1-03;Vlan3132;184.0.241.85;
SC2CFDZEUSR1-03;Vlan3132;184.2.37.85;
SC2CFDZEUSR2-04;Vlan15;184.6.20.20;
SC2CFDZEUSR2-04;Vlan15;184.2.37.45;
SC2CFDZEUSR2-04;Vlan15;184.0.241.85;
SC2CFDZEUSR2-04;Vlan15;184.2.37.85;
SC2CFDZEUSR2-04;Vlan16;184.6.20.20;
SC2CFDZEUSR2-04;Vlan16;184.2.37.45;
SC2CFDZEUSR2-04;Vlan16;184.0.241.85;
SC2CFDZEUSR2-04;Vlan16;184.2.37.85;
SC2CFDZEUSR2-04;Vlan17;184.6.20.20;
SC2CFDZEUSR2-04;Vlan17;184.2.37.45;
SC2CFDZEUSR2-04;Vlan17;184.0.241.85;
SC2CFDZEUSR2-04;Vlan17;184.2.37.85;
SC2CFDZEUSR2-04;Vlan18;184.6.20.20;
SC2CFDZEUSR2-04;Vlan18;184.2.37.45;
SC2CFDZEUSR2-04;Vlan18;184.0.241.85;
SC2CFDZEUSR2-04;Vlan18;184.2.37.85;
SC2CFDZEUSR2-04;Vlan19;184.6.20.2;
SC2CFDZEUSR2-04;Vlan19;184.0.241.85;
SC2CFDZEUSR2-04;Vlan19;184.6.20.20;
SC2CFDZEUSR2-04;Vlan19;184.2.37.45;
SC2CFDZEUSR2-04;Vlan19;184.2.37.85;
SC2CFDZEUSR2-04;Vlan3001;184.6.20.20;
SC2CFDZEUSR2-04;Vlan3001;184.2.37.45;
SC2CFDZEUSR2-04;Vlan3001;184.0.241.85;
SC2CFDZEUSR2-04;Vlan3001;184.2.37.85;
SC2CFDZEUSR2-04;Vlan3002;184.6.20.20;
SC2CFDZEUSR2-04;Vlan3002;184.0.241.85;
SC2CFDZEUSR2-04;Vlan3002;184.2.37.45;
SC2CFDZEUSR2-04;Vlan3002;184.2.37.85;
SC2CFDZEUSR2-04;Vlan3003;184.6.20.20;
SC2CFDZEUSR2-04;Vlan3003;184.0.241.85;
SC2CFDZEUSR2-04;Vlan3003;184.2.37.45;
SC2CFDZEUSR2-04;Vlan3003;184.2.37.85;
SC2CFDZEUSR2-04;Vlan3004;184.2.37.8;
SC2CFDZEUSR2-04;Vlan3004;184.6.20.20;
SC2CFDZEUSR2-04;Vlan3004;184.2.37.45;
SC2CFDZEUSR2-04;Vlan3004;184.0.241.85;
SC2CFDZEUSR2-04;Vlan3004;184.2.37.85;
SC2CFDZEUSR2-04;Vlan3005;184.6.20.20;
SC2CFDZEUSR2-04;Vlan3005;184.2.37.45;
SC2CFDZEUSR2-04;Vlan3005;184.0.241.85;
SC2CFDZEUSR2-04;Vlan3005;184.2.37.85;
SC2CFDZEUSR2-04;Vlan3006;184.6.20.20;
SC2CFDZEUSR2-04;Vlan3006;184.2.37.45;
SC2CFDZEUSR2-04;Vlan3006;184.0.241.85;
SC2CFDZEUSR2-04;Vlan3006;184.2.37.85;
SC2CFDZEUSR2-04;Vlan3007;184.6.20.20;
SC2CFDZEUSR2-04;Vlan3007;184.2.37.45;
SC2CFDZEUSR2-04;Vlan3007;184.0.241.85;
SC2CFDZEUSR2-04;Vlan3007;184.2.37.85;
SC2CFDZEUSR2-04;Vlan3008;184.6.20.20;
SC2CFDZEUSR2-04;Vlan3008;184.2.37.45;
SC2CFDZEUSR2-04;Vlan3008;184.0.241.85;
SC2CFDZEUSR2-04;Vlan3008;184.2.37.85;
SC2CFDZEUSR2-04;Vlan3009;184.6.20.20;
SC2CFDZEUSR2-04;Vlan3009;184.2.37.45;
SC2CFDZEUSR2-04;Vlan3009;184.0.241.85;
SC2CFDZEUSR2-04;Vlan3009;184.2.37.85;
SC2CFDZEUSR2-04;Vlan3010;184.6.20.20;
SC2CFDZEUSR2-04;Vlan3010;184.2.37.45;
SC2CFDZEUSR2-04;Vlan3010;184.0.241.85;
SC2CFDZEUSR2-04;Vlan3010;184.2.37.85;
SC2CFDZEUSR2-04;Vlan3011;184.6.20.20;
SC2CFDZEUSR2-04;Vlan3011;184.2.37.45;
SC2CFDZEUSR2-04;Vlan3011;184.0.241.85;
SC2CFDZEUSR2-04;Vlan3011;184.2.37.85;
SC2CFDZEUSR2-04;Vlan3012;184.6.20.20;
SC2CFDZEUSR2-04;Vlan3012;184.2.37.45;
SC2CFDZEUSR2-04;Vlan3012;184.0.241.85;
SC2CFDZEUSR2-04;Vlan3012;184.2.37.85;
SC2CFDZEUSR2-04;Vlan3013;184.6.20.20;
SC2CFDZEUSR2-04;Vlan3013;184.2.37.45;
SC2CFDZEUSR2-04;Vlan3013;184.0.241.85;
SC2CFDZEUSR2-04;Vlan3013;184.2.37.85;
SC2CFDZEUSR2-04;Vlan3014;184.6.20.20;
SC2CFDZEUSR2-04;Vlan3014;184.2.37.45;
SC2CFDZEUSR2-04;Vlan3014;184.0.241.85;
SC2CFDZEUSR2-04;Vlan3014;184.2.37.85;
SC2CFDZEUSR2-04;Vlan3015;184.6.20.20;
SC2CFDZEUSR2-04;Vlan3015;184.2.37.45;
SC2CFDZEUSR2-04;Vlan3015;184.0.241.85;
SC2CFDZEUSR2-04;Vlan3015;184.2.37.85;
SC2CFDZEUSR2-04;Vlan3016;184.6.20.20;
SC2CFDZEUSR2-04;Vlan3016;184.2.37.45;
SC2CFDZEUSR2-04;Vlan3016;184.0.241.85;
SC2CFDZEUSR2-04;Vlan3016;184.2.37.85;
SC2CFDZEUSR2-04;Vlan3017;184.6.20.20;
SC2CFDZEUSR2-04;Vlan3017;184.2.37.45;
SC2CFDZEUSR2-04;Vlan3017;184.0.241.85;
SC2CFDZEUSR2-04;Vlan3017;184.2.37.85;
SC2CFDZEUSR2-04;Vlan3018;184.2.37.4;
SC2CFDZEUSR2-04;Vlan3018;184.2.37.85;
SC2CFDZEUSR2-04;Vlan3018;184.2.37.8;
SC2CFDZEUSR2-04;Vlan3018;184.6.20.20;
SC2CFDZEUSR2-04;Vlan3018;184.2.37.45;
SC2CFDZEUSR2-04;Vlan3018;184.0.241.85;
SC2CFDZEUSR2-04;Vlan3019;184.6.20.20;
SC2CFDZEUSR2-04;Vlan3019;184.2.37.45;
SC2CFDZEUSR2-04;Vlan3019;184.0.241.85;
SC2CFDZEUSR2-04;Vlan3019;184.2.37.85;
SC2CFDZEUSR2-04;Vlan3020;184.6.20.20;
SC2CFDZEUSR2-04;Vlan3020;184.2.37.45;
SC2CFDZEUSR2-04;Vlan3020;184.0.241.85;
SC2CFDZEUSR2-04;Vlan3020;184.2.37.85;
SC2CFDZEUSR2-04;Vlan3021;184.6.20.20;
SC2CFDZEUSR2-04;Vlan3021;184.2.37.45;
SC2CFDZEUSR2-04;Vlan3021;184.0.241.8;
SC2CFDZEUSR2-04;Vlan3021;184.0.241.85;
SC2CFDZEUSR2-04;Vlan3021;184.2.37.85;
SC2CFDZEUSR2-04;Vlan3022;184.6.20.20;
SC2CFDZEUSR2-04;Vlan3022;184.2.37.45;
SC2CFDZEUSR2-04;Vlan3022;184.0.241.85;
SC2CFDZEUSR2-04;Vlan3022;184.2.37.85;
SC2CFDZEUSR2-04;Vlan3023;184.6.20.20;
SC2CFDZEUSR2-04;Vlan3023;184.2.37.45;
SC2CFDZEUSR2-04;Vlan3023;184.0.241.85;
SC2CFDZEUSR2-04;Vlan3023;184.2.37.85;
SC2CFDZEUSR2-04;Vlan3024;184.6.20.20;
SC2CFDZEUSR2-04;Vlan3024;184.2.37.45;
SC2CFDZEUSR2-04;Vlan3024;184.0.241.85;
SC2CFDZEUSR2-04;Vlan3024;184.2.37.85;
SC2CFDZEUSR2-04;Vlan3025;184.6.20.20;
SC2CFDZEUSR2-04;Vlan3025;184.2.37.45;
SC2CFDZEUSR2-04;Vlan3025;184.0.241.85;
SC2CFDZEUSR2-04;Vlan3025;184.2.37.85;
SC2CFDZEUSR2-04;Vlan3026;184.6.20.20;
SC2CFDZEUSR2-04;Vlan3026;184.2.37.45;
SC2CFDZEUSR2-04;Vlan3026;184.0.241.85;
SC2CFDZEUSR2-04;Vlan3026;184.2.37.85;
SC2CFDZEUSR2-04;Vlan3027;184.6.20.20;
SC2CFDZEUSR2-04;Vlan3027;184.2.37.45;
SC2CFDZEUSR2-04;Vlan3027;184.0.241.85;
SC2CFDZEUSR2-04;Vlan3027;184.2.37.85;
SC2CFDZEUSR2-04;Vlan3028;184.6.20.20;
SC2CFDZEUSR2-04;Vlan3028;184.2.37.45;
SC2CFDZEUSR2-04;Vlan3028;184.0.241.85;
SC2CFDZEUSR2-04;Vlan3028;184.2.37.85;
SC2CFDZEUSR2-04;Vlan3029;184.6.20.20;
SC2CFDZEUSR2-04;Vlan3029;184.2.37.45;
SC2CFDZEUSR2-04;Vlan3029;184.0.241.85;
SC2CFDZEUSR2-04;Vlan3029;184.2.37.85;
SC2CFDZEUSR2-04;Vlan3030;184.6.20.20;
SC2CFDZEUSR2-04;Vlan3030;184.2.37.45;
SC2CFDZEUSR2-04;Vlan3030;184.0.241.85;
SC2CFDZEUSR2-04;Vlan3030;184.2.37.85;
SC2CFDZEUSR2-04;Vlan3031;184.6.20.20;
SC2CFDZEUSR2-04;Vlan3031;184.2.37.45;
SC2CFDZEUSR2-04;Vlan3031;184.0.241.85;
SC2CFDZEUSR2-04;Vlan3031;184.2.37.85;
SC2CFDZEUSR2-04;Vlan3032;184.6.20.20;
SC2CFDZEUSR2-04;Vlan3032;184.2.37.45;
SC2CFDZEUSR2-04;Vlan3032;184.0.241.85;
SC2CFDZEUSR2-04;Vlan3032;184.2.37.85;
SC2CFDZEUSR2-04;Vlan3101;184.6.20.20;
SC2CFDZEUSR2-04;Vlan3101;184.2.37.45;
SC2CFDZEUSR2-04;Vlan3101;184.0.241.85;
SC2CFDZEUSR2-04;Vlan3101;184.2.37.85;
SC2CFDZEUSR2-04;Vlan3102;184.6.20.20;
SC2CFDZEUSR2-04;Vlan3102;184.2.37.45;
SC2CFDZEUSR2-04;Vlan3102;184.0.241.85;
SC2CFDZEUSR2-04;Vlan3102;184.2.37.85;
SC2CFDZEUSR2-04;Vlan3103;184.6.20.20;
SC2CFDZEUSR2-04;Vlan3103;184.2.37.45;
SC2CFDZEUSR2-04;Vlan3103;184.0.241.85;
SC2CFDZEUSR2-04;Vlan3103;184.2.37.85;
SC2CFDZEUSR2-04;Vlan3104;184.6.20.20;
SC2CFDZEUSR2-04;Vlan3104;184.2.37.45;
SC2CFDZEUSR2-04;Vlan3104;184.0.241.85;
SC2CFDZEUSR2-04;Vlan3104;184.2.37.85;
SC2CFDZEUSR2-04;Vlan3105;184.6.20.20;
SC2CFDZEUSR2-04;Vlan3105;184.2.37.45;
SC2CFDZEUSR2-04;Vlan3105;184.0.241.85;
SC2CFDZEUSR2-04;Vlan3105;184.2.37.85;
SC2CFDZEUSR2-04;Vlan3106;184.6.20.20;
SC2CFDZEUSR2-04;Vlan3106;184.2.37.45;
SC2CFDZEUSR2-04;Vlan3106;184.0.241.85;
SC2CFDZEUSR2-04;Vlan3106;184.2.37.85;
SC2CFDZEUSR2-04;Vlan3107;184.6.20.20;
SC2CFDZEUSR2-04;Vlan3107;184.2.37.45;
SC2CFDZEUSR2-04;Vlan3107;184.0.241.85;
SC2CFDZEUSR2-04;Vlan3107;184.2.37.85;
SC2CFDZEUSR2-04;Vlan3108;184.6.20.20;
SC2CFDZEUSR2-04;Vlan3108;184.2.37.45;
SC2CFDZEUSR2-04;Vlan3108;184.0.241.85;
SC2CFDZEUSR2-04;Vlan3108;184.2.37.85;
SC2CFDZEUSR2-04;Vlan3109;184.6.20.20;
SC2CFDZEUSR2-04;Vlan3109;184.2.37.45;
SC2CFDZEUSR2-04;Vlan3109;184.0.241.85;
SC2CFDZEUSR2-04;Vlan3109;184.2.37.85;
SC2CFDZEUSR2-04;Vlan3110;184.6.20.20;
SC2CFDZEUSR2-04;Vlan3110;184.2.37.45;
SC2CFDZEUSR2-04;Vlan3110;184.0.241.85;
SC2CFDZEUSR2-04;Vlan3110;184.2.37.85;
SC2CFDZEUSR2-04;Vlan3111;184.6.20.20;
SC2CFDZEUSR2-04;Vlan3111;184.2.37.45;
SC2CFDZEUSR2-04;Vlan3111;184.0.241.85;
SC2CFDZEUSR2-04;Vlan3111;184.2.37.85;
SC2CFDZEUSR2-04;Vlan3112;184.6.20.20;
SC2CFDZEUSR2-04;Vlan3112;184.2.37.45;
SC2CFDZEUSR2-04;Vlan3112;184.0.241.85;
SC2CFDZEUSR2-04;Vlan3112;184.2.37.85;
SC2CFDZEUSR2-04;Vlan3113;184.6.20.20;
SC2CFDZEUSR2-04;Vlan3113;184.2.37.45;
SC2CFDZEUSR2-04;Vlan3113;184.0.241.85;
SC2CFDZEUSR2-04;Vlan3113;184.2.37.85;
SC2CFDZEUSR2-04;Vlan3114;184.6.20.20;
SC2CFDZEUSR2-04;Vlan3114;184.2.37.45;
SC2CFDZEUSR2-04;Vlan3114;184.0.241.85;
SC2CFDZEUSR2-04;Vlan3114;184.2.37.85;
SC2CFDZEUSR2-04;Vlan3115;184.6.20.20;
SC2CFDZEUSR2-04;Vlan3115;184.2.37.45;
SC2CFDZEUSR2-04;Vlan3115;184.0.241.85;
SC2CFDZEUSR2-04;Vlan3115;184.2.37.85;
SC2CFDZEUSR2-04;Vlan3116;184.6.20.20;
SC2CFDZEUSR2-04;Vlan3116;184.2.37.45;
SC2CFDZEUSR2-04;Vlan3116;184.0.241.85;
SC2CFDZEUSR2-04;Vlan3116;184.2.37.85;
SC2CFDZEUSR2-04;Vlan3117;184.6.20.20;
SC2CFDZEUSR2-04;Vlan3117;184.2.37.45;
SC2CFDZEUSR2-04;Vlan3117;184.0.241.85;
SC2CFDZEUSR2-04;Vlan3117;184.2.37.85;
SC2CFDZEUSR2-04;Vlan3118;184.6.20.20;
SC2CFDZEUSR2-04;Vlan3118;184.2.37.45;
SC2CFDZEUSR2-04;Vlan3118;184.0.241.85;
SC2CFDZEUSR2-04;Vlan3118;184.2.37.85;
SC2CFDZEUSR2-04;Vlan3119;184.6.20.20;
SC2CFDZEUSR2-04;Vlan3119;184.2.37.45;
SC2CFDZEUSR2-04;Vlan3119;184.0.241.85;
SC2CFDZEUSR2-04;Vlan3119;184.2.37.85;
SC2CFDZEUSR2-04;Vlan3120;184.6.20.20;
SC2CFDZEUSR2-04;Vlan3120;184.2.37.45;
SC2CFDZEUSR2-04;Vlan3120;184.0.241.85;
SC2CFDZEUSR2-04;Vlan3120;184.2.37.85;
SC2CFDZEUSR2-04;Vlan3121;184.6.20.20;
SC2CFDZEUSR2-04;Vlan3121;184.2.37.45;
SC2CFDZEUSR2-04;Vlan3121;184.0.241.85;
SC2CFDZEUSR2-04;Vlan3121;184.2.37.85;
SC2CFDZEUSR2-04;Vlan3122;184.6.20.20;
SC2CFDZEUSR2-04;Vlan3122;184.2.37.45;
SC2CFDZEUSR2-04;Vlan3122;184.0.241.85;
SC2CFDZEUSR2-04;Vlan3122;184.2.37.85;
SC2CFDZEUSR2-04;Vlan3123;184.6.20.20;
SC2CFDZEUSR2-04;Vlan3123;184.2.37.45;
SC2CFDZEUSR2-04;Vlan3123;184.0.241.85;
SC2CFDZEUSR2-04;Vlan3123;184.2.37.85;
SC2CFDZEUSR2-04;Vlan3124;184.6.20.20;
SC2CFDZEUSR2-04;Vlan3124;184.2.37.45;
SC2CFDZEUSR2-04;Vlan3124;184.0.241.85;
SC2CFDZEUSR2-04;Vlan3124;184.2.37.85;
SC2CFDZEUSR2-04;Vlan3125;184.6.20.20;
SC2CFDZEUSR2-04;Vlan3125;184.2.37.45;
SC2CFDZEUSR2-04;Vlan3125;184.0.241.85;
SC2CFDZEUSR2-04;Vlan3125;184.2.37.85;
SC2CFDZEUSR2-04;Vlan3126;184.6.20.20;
SC2CFDZEUSR2-04;Vlan3126;184.2.37.45;
SC2CFDZEUSR2-04;Vlan3126;184.0.241.85;
SC2CFDZEUSR2-04;Vlan3126;184.2.37.85;
SC2CFDZEUSR2-04;Vlan3127;184.6.20.20;
SC2CFDZEUSR2-04;Vlan3127;184.2.37.45;
SC2CFDZEUSR2-04;Vlan3127;184.0.241.85;
SC2CFDZEUSR2-04;Vlan3127;184.2.37.85;
SC2CFDZEUSR2-04;Vlan3128;184.6.20.20;
SC2CFDZEUSR2-04;Vlan3128;184.2.37.45;
SC2CFDZEUSR2-04;Vlan3128;184.0.241.85;
SC2CFDZEUSR2-04;Vlan3128;184.2.37.85;
SC2CFDZEUSR2-04;Vlan3130;184.6.20.20;
SC2CFDZEUSR2-04;Vlan3130;184.2.37.45;
SC2CFDZEUSR2-04;Vlan3130;184.0.241.85;
SC2CFDZEUSR2-04;Vlan3130;184.2.37.85;
SC2CFDZEUSR2-04;Vlan3131;184.6.20.20;
SC2CFDZEUSR2-04;Vlan3131;184.2.37.45;
SC2CFDZEUSR2-04;Vlan3131;184.0.241.85;
SC2CFDZEUSR2-04;Vlan3131;184.2.37.85;
SC2CFDZEUSR2-04;Vlan3132;184.6.20.20;
SC2CFDZEUSR2-04;Vlan3132;184.2.37.45;
SC2CFDZEUSR2-04;Vlan3132;184.0.241.85;
SC2CFDZEUSR2-04;Vlan3132;184.2.37.85;
SC2CFDZEUSR2-04;;;
